Day,Total infected,Total tested,Total deaths,Total recovered,Infected,Actual tested,In treatment,Infected in A,Tested in A,In treatment in A,Deaths in A,Recovered in A,Infected in B,Tested in B,In treatment in B,Deaths in B,Recovered in B,Known infected %,Infected population %,Population immunity %,Death rate,Total isolated,Isolated
1,5,0,0,0,5,0,0,5,0,0,0,0,0,0,0,0,0,0.0,0.001,0.0,0.0,0.0,0.0
2,5,0,0,0,5,0,0,5,0,0,0,0,0,0,0,0,0,0.0,0.001,0.0,0.0,0.0,0.0
3,5,0,0,0,5,0,1,5,0,1,0,0,0,0,0,0,0,0.0,0.001,0.0,0.0,0.0,0.0
4,5,1,0,0,5,1,1,5,1,1,0,0,0,0,0,0,0,0.0002,0.001,0.0,0.0,0.0,0.0
5,7,1,0,0,7,1,2,7,1,2,0,0,0,0,0,0,0,0.0002,0.0014,0.0,0.0,0.0,0.0
6,10,2,0,0,10,2,2,10,2,2,0,0,0,0,0,0,0,0.0004,0.002,0.0,0.0,0.0,0.0
7,12,2,0,0,12,2,2,12,2,2,0,0,0,0,0,0,0,0.0004,0.0024,0.0,0.0,0.0,0.0
8,14,2,0,1,13,2,2,13,2,2,0,1,0,0,0,0,0,0.0004,0.0026,0.0002,0.0,0.0,0.0
9,17,2,0,1,16,2,2,16,2,2,0,1,0,0,0,0,0,0.0004,0.0032,0.0002,0.0,0.0,0.0
10,20,2,0,1,19,2,2,19,2,2,0,1,0,0,0,0,0,0.0004,0.0038,0.0002,0.0,0.0,0.0
11,27,3,0,3,24,3,4,24,3,4,0,3,0,0,0,0,0,0.0006,0.0048,0.0006,0.0,0.0,0.0
12,31,6,0,3,28,6,5,28,6,5,0,3,0,0,0,0,0,0.0012,0.0056,0.0006,0.0,0.0,0.0
13,33,7,0,5,28,6,4,28,7,4,0,5,0,0,0,0,0,0.0012,0.0056,0.001,0.0,0.0,0.0
14,36,8,1,7,28,5,2,28,8,2,1,7,0,0,0,0,0,0.001,0.0056,0.0014,0.02778,0.0,0.0
15,37,8,1,8,28,4,2,28,8,2,1,8,0,0,0,0,0,0.0008,0.0056,0.0016,0.02703,0.0,0.0
16,38,8,1,10,27,4,2,27,8,2,1,10,0,0,0,0,0,0.0008,0.0054,0.002,0.02632,0.0,0.0
17,41,9,1,12,28,4,1,27,9,1,1,12,1,0,0,0,0,0.0008,0.0056,0.0024,0.02439,0.0,0.0
18,45,9,1,13,31,4,3,30,9,3,1,13,1,0,0,0,0,0.0008,0.0062,0.0026,0.02222,0.0,0.0
19,48,11,1,14,33,5,3,32,11,3,1,14,1,0,0,0,0,0.001,0.0066,0.0028,0.02083,0.0,0.0
20,49,11,1,16,32,4,3,31,11,3,1,16,1,0,0,0,0,0.0008,0.0064,0.0032,0.02041,0.0,0.0
21,51,11,1,19,31,3,2,29,11,2,1,19,2,0,0,0,0,0.0006,0.0062,0.0038,0.01961,0.0,0.0
22,53,12,1,23,29,3,1,27,12,1,1,23,2,0,0,0,0,0.0006,0.0058,0.0046,0.01887,0.0,0.0
23,54,12,1,28,25,2,1,24,12,1,1,27,1,0,0,0,1,0.0004,0.005,0.0056,0.01852,0.0,0.0
24,57,12,1,30,26,2,1,24,12,1,1,29,2,0,0,0,1,0.0004,0.0052,0.006,0.01754,0.0,0.0
25,57,12,1,31,25,2,1,23,12,1,1,30,2,0,0,0,1,0.0004,0.005,0.0062,0.01754,0.0,0.0
26,63,13,1,34,28,3,1,25,13,1,1,33,3,0,0,0,1,0.0006,0.0056,0.0068,0.01587,0.0,0.0
27,65,13,1,38,26,2,0,22,13,0,1,37,4,0,0,0,1,0.0004,0.0052,0.0076,0.01538,0.0,0.0
28,70,13,1,41,28,2,1,24,13,0,1,39,4,0,1,0,2,0.0004,0.0056,0.0082,0.01429,0.0,0.0
29,73,14,1,43,29,3,1,24,13,0,1,40,5,1,1,0,3,0.0006,0.0058,0.0086,0.0137,0.0,0.0
30,79,14,1,44,34,3,3,29,13,2,1,41,5,1,1,0,3,0.0006,0.0068,0.0088,0.01266,0.0,0.0
31,83,18,1,46,36,7,3,30,17,2,1,42,6,1,1,0,4,0.0014,0.0072,0.0092,0.01205,0.0,0.0
32,89,18,1,49,39,6,4,32,17,3,1,44,7,1,1,0,5,0.0012,0.0078,0.0098,0.01124,0.0,0.0
33,92,20,1,52,39,6,4,31,18,3,1,47,8,2,1,0,5,0.0012,0.0078,0.0104,0.01087,0.0,0.0
34,99,20,1,54,44,5,4,34,18,3,1,49,10,2,1,0,5,0.001,0.0088,0.0108,0.0101,0.0,0.0
35,106,22,1,56,49,5,3,38,19,2,1,51,11,3,1,0,5,0.001,0.0098,0.0112,0.00943,0.0,0.0
36,113,23,1,60,52,6,3,38,20,2,1,55,14,3,1,0,5,0.0012,0.0104,0.012,0.00885,0.0,0.0
37,121,23,1,60,60,6,3,43,20,2,1,55,17,3,1,0,5,0.0012,0.012,0.012,0.00826,0.0,0.0
38,130,25,2,64,64,5,2,46,21,2,1,58,18,4,0,1,6,0.001,0.01281,0.01281,0.01538,0.0,0.0
39,138,28,2,67,69,7,3,50,23,3,1,61,19,5,0,1,6,0.0014,0.01381,0.01341,0.01449,0.0,0.0
40,144,29,2,75,67,6,3,47,24,2,1,68,20,5,1,1,7,0.0012,0.01341,0.01501,0.01389,0.0,0.0
41,152,31,2,77,73,8,5,53,25,3,1,69,20,6,2,1,8,0.0016,0.01461,0.01541,0.01316,0.0,0.0
42,158,33,2,82,74,9,7,59,26,5,1,72,15,7,2,1,10,0.0018,0.01481,0.01641,0.01266,0.0,0.0
43,166,36,2,88,76,11,8,62,29,6,1,76,14,7,2,1,12,0.0022,0.01521,0.01761,0.01205,0.0,0.0
44,178,38,2,91,85,12,10,68,31,8,1,78,17,7,2,1,13,0.0024,0.01701,0.01821,0.01124,0.0,0.0
45,193,41,2,96,95,14,9,78,34,7,1,82,17,7,2,1,14,0.0028,0.01901,0.01921,0.01036,0.0,0.0
46,208,42,4,106,98,11,7,84,35,6,2,89,14,7,1,2,17,0.0022,0.01962,0.02122,0.01923,0.0,0.0
47,220,43,4,114,102,7,5,89,36,4,2,96,13,7,1,2,18,0.0014,0.02042,0.02282,0.01818,0.0,0.0
48,231,45,4,116,111,8,6,98,37,5,2,97,13,8,1,2,19,0.0016,0.02222,0.02322,0.01732,0.0,0.0
49,243,47,4,123,116,10,9,104,39,7,2,102,12,8,2,2,21,0.002,0.02322,0.02462,0.01646,0.0,0.0
50,257,52,4,130,123,13,11,110,43,8,2,109,13,9,3,2,21,0.0026,0.02462,0.02602,0.01556,0.0,0.0
51,273,56,5,141,127,14,11,115,46,8,3,119,12,10,3,2,22,0.0028,0.02543,0.02823,0.01832,0.0,0.0
52,291,61,5,155,131,15,8,119,50,5,3,131,12,11,3,2,24,0.003,0.02623,0.03103,0.01718,0.0,0.0
53,313,63,5,166,142,13,7,128,52,4,3,141,14,11,3,2,25,0.0026,0.02843,0.03323,0.01597,0.0,0.0
54,331,66,6,173,152,13,4,140,55,3,3,147,12,11,1,3,26,0.0026,0.03044,0.03464,0.01813,0.0,0.0
55,342,69,6,180,156,14,7,143,58,6,3,154,13,11,1,3,26,0.0028,0.03124,0.03604,0.01754,0.0,0.0
56,352,72,6,193,153,15,9,141,61,8,3,166,12,11,1,3,27,0.003,0.03064,0.03865,0.01705,0.0,0.0
57,370,77,6,214,150,15,9,139,65,7,3,184,11,12,2,3,30,0.003,0.03004,0.04285,0.01622,0.0,0.0
58,382,84,6,227,149,20,10,141,71,9,3,193,8,13,1,3,34,0.004,0.02984,0.04545,0.01571,0.0,0.0
59,390,87,6,242,142,17,14,132,74,13,3,206,10,13,1,3,36,0.0034,0.02843,0.04846,0.01538,0.0,0.0
60,401,93,6,256,139,20,14,127,79,13,3,219,12,14,1,3,37,0.004,0.02783,0.05126,0.01496,0.0,0.0
61,407,97,6,271,130,22,17,115,82,16,3,233,15,15,1,3,38,0.00441,0.02603,0.05427,0.01474,0.0,0.0
62,420,103,6,278,136,25,23,120,88,22,3,238,16,15,1,3,40,0.00501,0.02723,0.05567,0.01429,0.0,0.0
63,432,109,6,297,129,23,20,115,93,19,3,254,14,16,1,3,43,0.00461,0.02583,0.05947,0.01389,0.0,0.0
64,442,114,6,309,127,26,21,114,98,20,3,264,13,16,1,3,45,0.00521,0.02543,0.06187,0.01357,0.0,0.0
65,461,119,6,325,130,28,19,116,103,18,3,277,14,16,1,3,48,0.00561,0.02603,0.06508,0.01302,0.0,0.0
66,470,119,7,343,120,20,17,108,103,15,4,292,12,16,2,3,51,0.00401,0.02403,0.0687,0.01489,0.0,0.0
67,479,123,9,351,119,18,14,102,106,13,5,300,17,17,1,4,51,0.00361,0.02384,0.07033,0.01879,0.0,0.0
68,491,124,9,362,120,15,12,102,107,11,5,309,18,17,1,4,53,0.00301,0.02404,0.07253,0.01833,0.0,0.0
69,495,125,11,377,107,11,9,89,108,8,7,322,18,17,1,4,55,0.0022,0.02145,0.07557,0.02222,0.0,0.0
70,503,131,12,389,102,14,9,85,114,8,8,333,17,17,1,4,56,0.00281,0.02045,0.07799,0.02386,0.0,0.0
71,515,133,12,401,102,12,8,81,115,8,8,342,21,18,0,4,59,0.00241,0.02045,0.08039,0.0233,0.0,0.0
72,524,136,12,412,100,12,9,78,118,8,8,352,22,18,1,4,60,0.00241,0.02005,0.0826,0.0229,0.0,0.0
73,530,138,12,416,102,12,12,79,118,10,8,354,23,20,2,4,62,0.00241,0.02045,0.0834,0.02264,0.0,0.0
74,538,146,12,423,103,18,11,81,124,8,8,360,22,22,3,4,63,0.00361,0.02065,0.0848,0.0223,0.0,0.0
75,545,149,12,439,94,16,10,74,125,7,8,372,20,24,3,4,67,0.00321,0.01885,0.08801,0.02202,0.0,0.0
76,553,150,12,449,92,15,11,71,126,8,8,381,21,24,3,4,68,0.00301,0.01844,0.09002,0.0217,0.0,0.0
77,560,153,13,460,87,13,12,70,128,9,8,389,17,25,3,5,71,0.00261,0.01745,0.09224,0.02321,0.0,0.0
78,562,157,13,469,80,14,12,64,131,8,8,396,16,26,4,5,73,0.00281,0.01604,0.09404,0.02313,0.0,0.0
79,568,159,13,476,79,12,12,63,132,7,8,402,16,27,5,5,74,0.00241,0.01584,0.09545,0.02289,0.0,0.0
80,580,162,13,486,81,10,8,67,134,6,8,408,14,28,2,5,78,0.00201,0.01624,0.09745,0.02241,0.0,0.0
81,591,162,14,496,81,6,5,65,134,4,8,416,16,28,1,6,80,0.0012,0.01625,0.09948,0.02369,0.0,0.0
82,596,163,14,504,78,5,4,64,135,3,8,422,14,28,1,6,82,0.001,0.01564,0.10108,0.02349,0.0,0.0
83,602,163,14,515,73,4,3,57,135,2,8,432,16,28,1,6,83,0.0008,0.01464,0.10329,0.02326,0.0,0.0
84,610,165,15,521,74,4,2,58,137,1,9,436,16,28,1,6,85,0.0008,0.01484,0.10451,0.02459,0.0,0.0
85,614,166,15,533,66,4,1,53,138,1,9,444,13,28,0,6,89,0.0008,0.01324,0.10692,0.02443,0.0,0.0
86,622,167,15,536,71,4,3,58,139,3,9,447,13,28,0,6,89,0.0008,0.01424,0.10752,0.02412,0.0,0.0
87,630,171,15,543,72,7,3,58,142,3,9,453,14,29,0,6,90,0.0014,0.01444,0.10893,0.02381,0.0,0.0
88,637,173,15,549,73,7,4,56,143,4,9,459,17,30,0,6,90,0.0014,0.01464,0.11013,0.02355,0.0,0.0
89,649,174,15,556,78,6,3,60,144,3,9,464,18,30,0,6,92,0.0012,0.01565,0.11153,0.02311,0.0,0.0
90,661,176,15,563,83,6,4,67,145,4,9,468,16,31,0,6,95,0.0012,0.01665,0.11294,0.02269,0.0,0.0
91,668,179,15,569,84,8,4,69,148,4,9,473,15,31,0,6,96,0.0016,0.01685,0.11414,0.02246,0.0,0.0
92,673,181,15,574,84,8,5,69,149,4,9,478,15,32,1,6,96,0.0016,0.01685,0.11515,0.02229,0.0,0.0
93,680,185,15,580,85,11,6,69,152,4,9,482,16,33,2,6,98,0.00221,0.01705,0.11635,0.02206,0.0,0.0
94,693,187,15,590,88,11,5,73,153,3,9,490,15,34,2,6,100,0.00221,0.01765,0.11836,0.02165,0.0,0.0
95,699,188,15,599,85,9,5,67,154,3,9,498,18,34,2,6,101,0.00181,0.01705,0.12016,0.02146,0.0,0.0
96,708,192,15,606,87,11,5,69,157,3,9,504,18,35,2,6,102,0.00221,0.01745,0.12156,0.02119,0.0,0.0
97,720,194,15,615,90,11,5,69,159,3,9,509,21,35,2,6,106,0.00221,0.01805,0.12337,0.02083,0.0,0.0
98,727,195,15,621,91,11,6,69,159,4,9,514,22,36,2,6,107,0.00221,0.01825,0.12457,0.02063,0.0,0.0
99,734,196,15,630,89,9,7,62,160,4,9,521,27,36,3,6,109,0.00181,0.01785,0.12638,0.02044,0.0,0.0
100,745,200,15,641,89,11,7,59,163,4,9,528,30,37,3,6,113,0.00221,0.01785,0.12859,0.02013,0.0,0.0
101,750,202,15,651,84,10,6,55,165,4,9,534,29,37,2,6,117,0.00201,0.01685,0.13059,0.02,0.0,0.0
102,755,203,15,653,87,10,7,57,166,4,9,536,30,37,3,6,117,0.00201,0.01745,0.13099,0.01987,0.0,0.0
103,765,204,17,665,83,7,5,53,166,3,10,547,30,38,2,7,118,0.0014,0.01666,0.13345,0.02222,0.0,0.0
104,773,206,17,669,87,9,8,55,168,4,10,551,32,38,4,7,118,0.00181,0.01746,0.13426,0.02199,0.0,0.0
105,780,211,18,676,86,12,7,50,171,4,10,558,36,40,3,8,118,0.00241,0.01726,0.13569,0.02308,0.0,0.0
106,793,211,19,686,88,7,4,48,171,2,11,563,40,40,2,8,123,0.00141,0.01767,0.13772,0.02396,0.0,0.0
107,802,211,19,692,91,5,3,52,171,1,11,566,39,40,2,8,126,0.001,0.01827,0.13893,0.02369,0.0,0.0
108,810,214,19,702,89,5,4,48,173,1,11,571,41,41,3,8,131,0.001,0.01787,0.14094,0.02346,0.0,0.0
109,820,218,19,714,87,8,7,51,173,4,11,576,36,45,3,8,138,0.00161,0.01747,0.14334,0.02317,0.0,0.0
110,828,221,19,718,91,9,7,54,176,3,11,577,37,45,4,8,141,0.00181,0.01827,0.14415,0.02295,0.0,0.0
111,838,223,19,730,89,9,8,53,177,4,11,585,36,46,4,8,145,0.00181,0.01787,0.14656,0.02267,0.0,0.0
112,853,225,19,737,97,9,7,54,179,3,11,590,43,46,4,8,147,0.00181,0.01947,0.14796,0.02227,0.0,0.0
113,860,226,19,746,95,10,9,51,180,4,11,597,44,46,5,8,149,0.00201,0.01907,0.14977,0.02209,0.0,0.0
114,872,229,20,749,103,11,11,53,182,7,11,598,50,47,4,9,151,0.00221,0.02068,0.1504,0.02294,0.0,0.0
115,886,232,20,758,108,10,9,58,185,6,11,603,50,47,3,9,155,0.00201,0.02169,0.15221,0.02257,0.0,0.0
116,894,234,21,766,107,7,8,54,186,5,11,610,53,48,3,10,156,0.00141,0.02149,0.15385,0.02349,0.0,0.0
117,906,236,21,770,115,8,12,60,187,7,11,612,55,49,5,10,158,0.00161,0.0231,0.15465,0.02318,0.0,0.0
118,919,241,21,782,116,12,12,60,189,6,11,618,56,52,6,10,164,0.00241,0.0233,0.15706,0.02285,0.0,0.0
119,929,244,21,793,115,10,9,59,189,5,11,624,56,55,4,10,169,0.00201,0.0231,0.15927,0.0226,0.0,0.0
120,936,246,21,804,111,10,8,57,191,4,11,630,54,55,4,10,174,0.00201,0.02229,0.16148,0.02244,0.0,0.0
121,952,247,22,815,115,8,7,60,191,4,11,635,55,56,3,11,180,0.00161,0.0231,0.16372,0.02311,0.0,0.0
122,965,252,22,823,120,12,7,63,195,4,11,641,57,57,3,11,182,0.00241,0.02411,0.16533,0.0228,0.0,0.0
123,973,256,23,833,117,13,6,65,198,3,12,643,52,58,3,11,190,0.00261,0.02351,0.16737,0.02364,0.0,0.0
124,984,260,23,845,116,14,5,62,200,2,12,651,54,60,3,11,194,0.00281,0.02331,0.16978,0.02337,0.0,0.0
125,1000,262,23,856,121,12,4,66,201,2,12,655,55,61,2,11,201,0.00241,0.02431,0.17199,0.023,0.0,0.0
126,1012,263,23,869,120,10,5,60,201,3,12,666,60,62,2,11,203,0.00201,0.02411,0.1746,0.02273,0.0,0.0
127,1025,265,23,875,127,9,8,63,203,4,12,671,64,62,4,11,204,0.00181,0.02552,0.17581,0.02244,0.0,0.0
128,1040,271,23,886,131,14,10,68,206,5,12,676,63,65,5,11,210,0.00281,0.02632,0.17802,0.02212,0.0,0.0
129,1054,276,23,900,131,15,10,66,209,4,12,684,65,67,6,11,216,0.00301,0.02632,0.18083,0.02182,0.0,0.0
130,1066,278,23,913,130,15,9,67,209,4,12,689,63,69,5,11,224,0.00301,0.02612,0.18344,0.02158,0.0,0.0
131,1075,281,23,925,127,17,10,64,211,6,12,696,63,70,4,11,229,0.00342,0.02552,0.18585,0.0214,0.0,0.0
132,1081,285,24,937,120,17,8,59,213,5,12,703,61,72,3,12,234,0.00342,0.02412,0.1883,0.0222,0.0,0.0
133,1086,288,24,951,111,17,8,49,214,5,12,713,62,74,3,12,238,0.00342,0.02231,0.19112,0.0221,0.0,0.0
134,1099,291,24,964,111,14,8,49,217,7,12,719,62,74,1,12,245,0.00281,0.02231,0.19373,0.02184,0.0,0.0
135,1108,296,24,975,109,16,8,50,219,6,12,721,59,77,2,12,254,0.00322,0.02191,0.19594,0.02166,0.0,0.0
136,1115,299,24,982,109,19,11,53,220,7,12,722,56,79,4,12,260,0.00382,0.02191,0.19735,0.02152,0.0,0.0
137,1123,300,24,997,102,17,13,48,221,8,12,732,54,79,5,12,265,0.00342,0.0205,0.20036,0.02137,0.0,0.0
138,1136,305,26,1009,101,18,10,50,225,6,13,738,51,80,4,13,271,0.00362,0.02031,0.20285,0.02289,0.0,0.0
139,1148,306,28,1020,100,14,8,51,225,5,14,741,49,81,3,14,279,0.00282,0.02011,0.20515,0.02439,0.0,0.0
140,1156,306,28,1026,102,12,8,53,225,6,14,745,49,81,2,14,281,0.00241,0.02051,0.20636,0.02422,0.0,0.0
141,1165,309,29,1036,100,8,8,53,227,6,14,749,47,82,2,15,287,0.00161,0.02012,0.20841,0.02489,0.0,0.0
142,1171,315,29,1044,98,12,8,52,229,6,14,754,46,86,2,15,290,0.00241,0.01971,0.21002,0.02477,0.0,0.0
143,1183,317,30,1053,100,11,6,49,230,4,15,760,51,87,2,15,293,0.00221,0.02012,0.21187,0.02536,0.0,0.0
144,1187,318,30,1064,93,10,8,43,230,5,15,767,50,88,3,15,297,0.00201,0.01871,0.21408,0.02527,0.0,0.0
145,1194,322,30,1071,93,13,7,44,233,4,15,770,49,89,3,15,301,0.00262,0.01871,0.21549,0.02513,0.0,0.0
146,1200,324,30,1080,90,12,8,46,235,3,15,774,44,89,5,15,306,0.00241,0.01811,0.2173,0.025,0.0,0.0
147,1209,328,30,1088,91,15,12,47,235,7,15,779,44,93,5,15,309,0.00302,0.01831,0.21891,0.02481,0.0,0.0
148,1223,333,30,1098,95,16,11,50,240,6,15,785,45,93,5,15,313,0.00322,0.01911,0.22093,0.02453,0.0,0.0
149,1235,333,30,1106,99,14,11,55,240,6,15,789,44,93,5,15,317,0.00282,0.01992,0.22254,0.02429,0.0,0.0
150,1242,335,30,1116,96,14,11,54,241,7,15,793,42,94,4,15,323,0.00282,0.01932,0.22455,0.02415,0.0,0.0
151,1252,339,30,1127,95,12,7,56,243,6,15,797,39,96,1,15,330,0.00241,0.01911,0.22676,0.02396,0.0,0.0
152,1262,340,30,1139,93,10,7,57,243,6,15,804,36,97,1,15,335,0.00201,0.01871,0.22918,0.02377,0.0,0.0
153,1269,343,30,1148,91,9,5,52,244,3,15,810,39,99,2,15,338,0.00181,0.01831,0.23099,0.02364,0.0,0.0
154,1277,344,30,1158,89,8,4,53,244,2,15,814,36,100,2,15,344,0.00161,0.01791,0.233,0.02349,0.0,0.0
155,1283,346,31,1164,88,9,5,50,245,4,15,817,38,101,1,16,347,0.00181,0.01771,0.23425,0.02416,0.0,0.0
156,1288,348,31,1171,86,9,7,50,247,4,15,821,36,101,3,16,350,0.00181,0.01731,0.23566,0.02407,0.0,0.0
157,1295,353,31,1177,87,12,8,53,248,4,15,824,34,105,4,16,353,0.00241,0.01751,0.23687,0.02394,0.0,0.0
158,1303,356,32,1186,85,11,9,49,250,4,15,832,36,106,5,17,354,0.00221,0.01711,0.23873,0.02456,0.0,0.0
159,1312,358,32,1193,87,11,10,51,251,4,15,835,36,107,6,17,358,0.00221,0.01751,0.24014,0.02439,0.0,0.0
160,1320,360,32,1200,88,11,9,51,252,3,15,839,37,108,6,17,361,0.00221,0.01771,0.24155,0.02424,0.0,0.0
161,1330,363,33,1213,84,11,9,45,253,3,16,848,39,110,6,17,365,0.00221,0.01691,0.24421,0.02481,0.0,0.0
162,1337,364,33,1218,86,12,10,46,254,3,16,851,40,110,7,17,367,0.00242,0.01731,0.24522,0.02468,0.0,0.0
163,1349,367,34,1232,83,12,10,48,255,5,16,860,35,112,5,18,372,0.00242,0.01671,0.24809,0.0252,0.0,0.0
164,1356,369,35,1241,80,11,9,51,257,6,16,862,29,112,3,19,379,0.00222,0.01611,0.24995,0.02581,0.0,0.0
165,1363,371,35,1246,82,12,9,53,259,5,16,865,29,112,4,19,381,0.00242,0.01652,0.25096,0.02568,0.0,0.0
166,1369,372,36,1250,83,10,10,54,259,6,17,867,29,113,4,19,383,0.00201,0.01672,0.25181,0.0263,0.0,0.0
167,1374,377,36,1254,84,13,12,52,263,7,17,870,32,114,5,19,384,0.00262,0.01692,0.25262,0.0262,0.0,0.0
168,1387,381,36,1263,88,13,10,55,266,6,17,873,33,115,4,19,390,0.00262,0.01773,0.25443,0.02596,0.0,0.0
169,1395,383,36,1273,86,13,10,58,267,7,17,877,28,116,3,19,396,0.00262,0.01732,0.25645,0.02581,0.0,0.0
170,1404,387,36,1279,89,17,10,61,270,7,17,880,28,117,3,19,399,0.00342,0.01793,0.25766,0.02564,0.0,0.0
171,1415,387,37,1283,95,14,9,69,270,6,18,882,26,117,3,19,401,0.00282,0.01914,0.25851,0.02615,0.0,0.0
172,1425,390,38,1292,95,12,7,68,272,6,18,888,27,118,1,20,404,0.00242,0.01915,0.26038,0.02667,0.0,0.0
173,1434,392,38,1297,99,13,7,66,274,6,18,892,33,118,1,20,405,0.00262,0.01995,0.26139,0.0265,0.0,0.0
174,1442,395,38,1311,93,12,7,62,276,6,18,902,31,119,1,20,409,0.00242,0.01874,0.26421,0.02635,0.0,0.0
175,1451,396,39,1320,92,9,8,58,277,6,18,909,34,119,2,21,411,0.00181,0.01854,0.26608,0.02688,0.0,0.0
176,1456,401,39,1325,92,12,8,54,280,5,18,914,38,121,3,21,411,0.00242,0.01854,0.26708,0.02679,0.0,0.0
177,1462,404,39,1333,90,14,9,50,282,5,18,919,40,122,4,21,414,0.00282,0.01814,0.2687,0.02668,0.0,0.0
178,1469,406,39,1337,93,13,9,51,283,5,18,922,42,123,4,21,415,0.00262,0.01875,0.2695,0.02655,0.0,0.0
179,1477,410,40,1350,87,10,7,47,286,4,18,933,40,124,3,22,417,0.00202,0.01754,0.27218,0.02708,0.0,0.0
180,1488,412,42,1359,87,8,6,46,288,4,19,938,41,124,2,23,421,0.00161,0.01755,0.2741,0.02823,0.0,0.0
181,1493,414,43,1367,83,7,7,47,290,5,19,942,36,124,2,24,425,0.00141,0.01674,0.27577,0.0288,0.0,0.0
182,1500,416,43,1377,80,6,5,49,291,4,19,945,31,125,1,24,432,0.00121,0.01614,0.27779,0.02867,0.0,0.0
183,1504,418,43,1385,76,7,5,46,291,3,19,951,30,127,2,24,434,0.00141,0.01533,0.2794,0.02859,0.0,0.0
184,1506,421,43,1392,71,7,5,46,293,3,19,953,25,128,2,24,439,0.00141,0.01432,0.28082,0.02855,0.0,0.0
185,1515,424,43,1402,70,9,5,44,295,3,19,956,26,129,2,24,446,0.00182,0.01412,0.28283,0.02838,0.0,0.0
186,1522,426,43,1411,68,10,5,41,296,2,19,963,27,130,3,24,448,0.00202,0.01372,0.28465,0.02825,0.0,0.0
187,1526,426,43,1418,65,8,6,39,296,3,19,968,26,130,3,24,450,0.00161,0.01311,0.28606,0.02818,0.0,0.0
188,1533,430,43,1422,68,11,7,38,299,4,19,970,30,131,3,24,452,0.00222,0.01372,0.28687,0.02805,0.0,0.0
189,1538,434,44,1428,66,13,7,36,302,5,19,975,30,132,2,25,453,0.00262,0.01332,0.28814,0.02861,0.0,0.0
190,1541,436,44,1432,65,13,8,33,304,6,19,979,32,132,2,25,453,0.00262,0.01312,0.28894,0.02855,0.0,0.0
191,1547,439,44,1438,65,14,7,34,307,5,19,981,31,132,2,25,457,0.00282,0.01312,0.29015,0.02844,0.0,0.0
192,1549,441,45,1446,58,13,6,33,307,4,20,985,25,134,2,25,461,0.00262,0.01171,0.29183,0.02905,0.0,0.0
193,1552,442,45,1449,58,13,6,31,308,4,20,988,27,134,2,25,461,0.00262,0.01171,0.29243,0.02899,0.0,0.0
194,1560,442,46,1454,60,9,3,36,308,3,20,990,24,134,0,26,464,0.00182,0.01211,0.2935,0.02949,0.0,0.0
195,1564,442,47,1461,56,5,1,33,308,1,21,996,23,134,0,26,465,0.00101,0.01131,0.29497,0.03005,0.0,0.0
196,1568,444,47,1469,52,4,1,30,309,1,21,1002,22,135,0,26,467,0.00081,0.0105,0.29659,0.02997,0.0,0.0
197,1571,447,47,1475,49,6,3,30,311,2,21,1004,19,136,1,26,471,0.00121,0.00989,0.2978,0.02992,0.0,0.0
198,1573,449,47,1482,44,5,5,28,312,4,21,1007,16,137,1,26,475,0.00101,0.00888,0.29921,0.02988,0.0,0.0
199,1583,451,47,1487,49,7,5,32,314,4,21,1010,17,137,1,26,477,0.00141,0.00989,0.30022,0.02969,0.0,0.0
200,1584,451,47,1492,45,7,6,26,314,4,21,1014,19,137,2,26,478,0.00141,0.00909,0.30123,0.02967,0.0,0.0
201,1587,452,47,1497,43,7,5,26,314,3,21,1016,17,138,2,26,481,0.00141,0.00868,0.30224,0.02962,0.0,0.0
202,1591,452,47,1503,41,6,6,28,314,4,21,1018,13,138,2,26,485,0.00121,0.00828,0.30345,0.02954,0.0,0.0
203,1598,454,48,1509,41,5,4,25,315,3,21,1024,16,139,1,27,485,0.00101,0.00828,0.30473,0.03004,0.0,0.0
204,1599,456,48,1513,38,6,3,23,316,2,21,1026,15,140,1,27,487,0.00121,0.00767,0.30553,0.03002,0.0,0.0
205,1602,456,48,1516,38,4,2,22,316,1,21,1027,16,140,1,27,489,0.00081,0.00767,0.30614,0.02996,0.0,0.0
206,1604,456,48,1522,34,4,4,19,316,2,21,1031,15,140,2,27,491,0.00081,0.00687,0.30735,0.02993,0.0,0.0
207,1606,459,48,1525,33,5,4,18,318,2,21,1034,15,141,2,27,491,0.00101,0.00666,0.30796,0.02989,0.0,0.0
208,1611,459,48,1527,36,4,3,21,318,2,21,1034,15,141,1,27,493,0.00081,0.00727,0.30836,0.0298,0.0,0.0
209,1616,459,48,1528,40,4,4,22,318,2,21,1035,18,141,2,27,493,0.00081,0.00808,0.30856,0.0297,0.0,0.0
210,1621,460,48,1532,41,4,4,23,318,1,21,1037,18,142,3,27,495,0.00081,0.00828,0.30937,0.02961,0.0,0.0
211,1628,461,48,1535,45,4,4,22,318,1,21,1040,23,143,3,27,495,0.00081,0.00909,0.30998,0.02948,0.0,0.0
212,1635,462,48,1540,47,5,4,20,319,1,21,1043,27,143,3,27,497,0.00101,0.00949,0.31099,0.02936,0.0,0.0
213,1640,462,48,1542,50,3,2,22,319,0,21,1044,28,143,2,27,498,0.00061,0.0101,0.31139,0.02927,0.0,0.0
214,1645,464,48,1547,50,3,2,22,319,1,21,1046,28,145,1,27,501,0.00061,0.0101,0.3124,0.02918,0.0,0.0
215,1649,465,48,1552,49,2,4,21,320,3,21,1047,28,145,1,27,505,0.0004,0.00989,0.31341,0.02911,0.0,0.0
216,1654,467,48,1554,52,4,5,23,322,3,21,1047,29,145,2,27,507,0.00081,0.0105,0.31381,0.02902,0.0,0.0
217,1661,469,48,1557,56,5,5,27,322,4,21,1048,29,147,1,27,509,0.00101,0.01131,0.31442,0.0289,0.0,0.0
218,1665,472,48,1562,55,8,5,28,324,4,21,1050,27,148,1,27,512,0.00162,0.01111,0.31543,0.02883,0.0,0.0
219,1671,472,48,1566,57,6,4,25,324,3,21,1053,32,148,1,27,513,0.00121,0.01151,0.31624,0.02873,0.0,0.0
220,1677,474,48,1571,58,8,4,24,325,3,21,1056,34,149,1,27,515,0.00162,0.01171,0.31725,0.02862,0.0,0.0
221,1683,474,48,1574,61,7,3,25,325,3,21,1056,36,149,0,27,518,0.00141,0.01232,0.31785,0.02852,0.0,0.0
222,1689,474,48,1580,61,7,4,27,325,4,21,1059,34,149,0,27,521,0.00141,0.01232,0.31906,0.02842,0.0,0.0
223,1693,476,49,1587,57,8,4,26,326,4,22,1061,31,150,0,27,526,0.00162,0.01151,0.32054,0.02894,0.0,0.0
224,1699,478,49,1592,58,9,5,27,327,3,22,1063,31,151,2,27,529,0.00182,0.01171,0.32155,0.02884,0.0,0.0
225,1702,481,50,1600,52,9,5,25,327,2,23,1065,27,154,3,27,535,0.00182,0.01051,0.32323,0.02938,0.0,0.0
226,1709,482,51,1603,55,7,5,23,327,1,24,1067,32,155,4,27,536,0.00141,0.01111,0.3239,0.02984,0.0,0.0
227,1718,485,51,1607,60,8,4,23,328,1,24,1069,37,157,3,27,538,0.00162,0.01212,0.32471,0.02969,0.0,0.0
228,1723,486,51,1612,60,8,8,24,329,3,24,1070,36,157,5,27,542,0.00162,0.01212,0.32572,0.0296,0.0,0.0
229,1734,491,52,1619,63,9,7,24,332,2,24,1074,39,159,5,28,545,0.00182,0.01273,0.3272,0.02999,0.0,0.0
230,1739,492,52,1621,66,10,8,25,332,2,24,1075,41,160,6,28,546,0.00202,0.01334,0.32761,0.0299,0.0,0.0
231,1749,493,53,1626,70,8,6,27,332,1,25,1076,43,161,5,28,550,0.00162,0.01415,0.32868,0.0303,0.0,0.0
232,1759,494,53,1632,74,7,5,30,333,1,25,1078,44,161,4,28,554,0.00141,0.01496,0.3299,0.03013,0.0,0.0
233,1765,495,53,1637,75,6,6,30,333,2,25,1081,45,162,4,28,556,0.00121,0.01516,0.33091,0.03003,0.0,0.0
234,1773,498,53,1642,78,7,7,29,334,1,25,1083,49,164,6,28,559,0.00141,0.01577,0.33192,0.02989,0.0,0.0
235,1784,502,53,1651,80,10,7,31,335,2,25,1085,49,167,5,28,566,0.00202,0.01617,0.33374,0.02971,0.0,0.0
236,1794,505,54,1655,85,11,8,33,337,3,25,1087,52,168,5,29,568,0.00222,0.01719,0.33461,0.0301,0.0,0.0
237,1801,508,54,1661,86,14,11,38,338,3,25,1090,48,170,8,29,571,0.00283,0.01739,0.33583,0.02998,0.0,0.0
238,1811,511,54,1668,89,11,12,36,338,3,25,1094,53,173,9,29,574,0.00222,0.01799,0.33724,0.02982,0.0,0.0
239,1820,514,56,1673,91,10,8,38,340,2,25,1095,53,174,6,31,578,0.00202,0.01841,0.33839,0.03077,0.0,0.0
240,1830,516,56,1677,97,11,8,43,342,2,25,1096,54,174,6,31,581,0.00222,0.01962,0.3392,0.0306,0.0,0.0
241,1842,519,56,1686,100,12,8,43,343,3,25,1100,57,176,5,31,586,0.00243,0.02023,0.34102,0.0304,0.0,0.0
242,1850,523,56,1691,103,14,9,46,345,3,25,1100,57,178,6,31,591,0.00283,0.02083,0.34203,0.03027,0.0,0.0
243,1861,527,57,1702,102,15,9,43,346,4,25,1106,59,181,5,32,596,0.00303,0.02064,0.34433,0.03063,0.0,0.0
244,1870,529,57,1714,99,15,9,41,347,4,25,1113,58,182,5,32,601,0.00303,0.02003,0.34675,0.03048,0.0,0.0
245,1878,531,58,1725,95,11,9,39,348,3,25,1116,56,183,6,33,609,0.00223,0.01922,0.34905,0.03088,0.0,0.0
246,1887,535,59,1733,95,13,8,41,350,3,25,1118,54,185,5,34,615,0.00263,0.01923,0.35074,0.03127,0.0,0.0
247,1890,536,59,1740,91,13,9,40,350,4,25,1122,51,186,5,34,618,0.00263,0.01842,0.35216,0.03122,0.0,0.0
248,1898,538,59,1748,91,12,7,40,352,4,25,1127,51,186,3,34,621,0.00243,0.01842,0.35377,0.03109,0.0,0.0
249,1901,539,59,1756,86,10,8,36,353,3,25,1132,50,186,5,34,624,0.00202,0.01741,0.35539,0.03104,0.0,0.0
250,1909,541,60,1764,85,8,7,38,353,3,25,1136,47,188,4,35,628,0.00162,0.01721,0.35709,0.03143,0.0,0.0
251,1915,546,60,1779,76,9,9,34,355,2,25,1142,42,191,7,35,637,0.00182,0.01538,0.36012,0.03133,0.0,0.0
252,1925,549,60,1784,81,10,9,34,355,3,25,1145,47,194,6,35,639,0.00202,0.0164,0.36113,0.03117,0.0,0.0
253,1933,550,60,1790,83,11,10,38,356,3,25,1148,45,194,7,35,642,0.00223,0.0168,0.36235,0.03104,0.0,0.0
254,1941,554,62,1794,85,13,9,36,358,3,26,1150,49,196,6,36,644,0.00263,0.01721,0.3633,0.03194,0.0,0.0
255,1944,555,62,1805,77,7,6,32,359,4,26,1154,45,196,2,36,651,0.00142,0.01559,0.36553,0.03189,0.0,0.0
256,1950,559,62,1809,79,9,6,31,361,4,26,1156,48,198,2,36,653,0.00182,0.016,0.36634,0.03179,0.0,0.0
257,1954,560,62,1815,77,8,6,27,361,3,26,1158,50,199,3,36,657,0.00162,0.01559,0.36756,0.03173,0.0,0.0
258,1960,561,62,1824,74,7,6,26,361,2,26,1162,48,200,4,36,662,0.00142,0.01499,0.36938,0.03163,0.0,0.0
259,1965,563,62,1835,68,7,7,23,362,2,26,1167,45,201,5,36,668,0.00142,0.01377,0.37161,0.03155,0.0,0.0
260,1975,566,62,1843,70,10,9,20,362,2,26,1172,50,204,7,36,671,0.00203,0.01418,0.37323,0.03139,0.0,0.0
261,1977,568,62,1853,62,11,9,19,362,2,26,1174,43,206,7,36,679,0.00223,0.01256,0.37525,0.03136,0.0,0.0
262,1984,569,63,1856,65,10,10,21,362,3,26,1174,44,207,7,37,682,0.00203,0.01317,0.37594,0.03175,0.0,0.0
263,1991,574,65,1863,63,12,8,19,363,1,28,1175,44,211,7,37,688,0.00243,0.01277,0.37751,0.03265,0.0,0.0
264,1995,575,65,1873,57,10,7,17,363,2,28,1179,40,212,5,37,694,0.00203,0.01155,0.37953,0.03258,0.0,0.0
265,2001,579,65,1878,58,10,7,18,365,2,28,1180,40,214,5,37,698,0.00203,0.01175,0.38055,0.03248,0.0,0.0
266,2006,580,66,1888,52,8,6,18,365,3,28,1182,34,215,3,38,706,0.00162,0.01054,0.38265,0.0329,0.0,0.0
267,2012,583,67,1892,53,6,3,16,366,1,29,1184,37,217,2,38,708,0.00122,0.01074,0.38354,0.0333,0.0,0.0
268,2019,583,67,1893,59,6,4,19,366,1,29,1184,40,217,3,38,709,0.00122,0.01196,0.38374,0.03318,0.0,0.0
269,2025,586,67,1897,61,7,4,16,367,1,29,1187,45,219,3,38,710,0.00142,0.01237,0.38455,0.03309,0.0,0.0
270,2032,588,67,1901,64,8,4,17,367,1,29,1187,47,221,3,38,714,0.00162,0.01297,0.38536,0.03297,0.0,0.0
271,2038,588,67,1907,64,7,3,17,367,1,29,1189,47,221,2,38,718,0.00142,0.01297,0.38658,0.03288,0.0,0.0
272,2041,589,67,1910,64,7,4,18,368,2,29,1189,46,221,2,38,721,0.00142,0.01297,0.38719,0.03283,0.0,0.0
273,2047,591,67,1915,65,7,5,17,369,2,29,1191,48,222,3,38,724,0.00142,0.01318,0.3882,0.03273,0.0,0.0
274,2051,593,68,1921,62,7,4,14,369,2,30,1193,48,224,2,38,728,0.00142,0.01257,0.3895,0.03315,0.0,0.0
275,2055,594,68,1924,63,7,6,12,370,4,30,1194,51,224,2,38,730,0.00142,0.01277,0.39011,0.03309,0.0,0.0
276,2059,598,69,1930,60,9,5,15,372,4,30,1194,45,226,1,39,736,0.00183,0.01217,0.3914,0.03351,0.0,0.0
277,2066,598,69,1939,58,6,4,12,372,3,30,1198,46,226,1,39,741,0.00122,0.01176,0.39323,0.0334,0.0,0.0
278,2074,598,69,1945,60,5,5,14,372,2,30,1199,46,226,3,39,746,0.00101,0.01217,0.39444,0.03327,0.0,0.0
279,2074,600,69,1951,54,4,2,10,372,0,30,1202,44,228,2,39,749,0.00081,0.01095,0.39566,0.03327,0.0,0.0
280,2075,601,69,1960,46,4,2,12,372,0,30,1202,34,229,2,39,758,0.00081,0.00933,0.39749,0.03325,0.0,0.0
281,2080,601,69,1963,48,3,2,14,372,0,30,1202,34,229,2,39,761,0.00061,0.00973,0.39809,0.03317,0.0,0.0
282,2084,602,69,1968,47,4,3,14,372,0,30,1204,33,230,3,39,764,0.00081,0.00953,0.39911,0.03311,0.0,0.0
283,2088,603,70,1971,47,4,3,16,372,0,30,1204,31,231,3,40,767,0.00081,0.00953,0.3998,0.03352,0.0,0.0
284,2092,605,70,1976,46,5,4,18,372,0,30,1206,28,233,4,40,770,0.00101,0.00933,0.40081,0.03346,0.0,0.0
285,2099,606,70,1981,48,4,3,21,372,0,30,1206,27,234,3,40,775,0.00081,0.00974,0.40183,0.03335,0.0,0.0
286,2100,606,71,1986,43,3,2,20,372,0,30,1208,23,234,2,41,778,0.00061,0.00872,0.40292,0.03381,0.0,0.0
287,2102,606,71,1989,42,3,3,21,372,1,30,1208,21,234,2,41,781,0.00061,0.00852,0.40353,0.03378,0.0,0.0
288,2104,608,71,1994,39,5,3,21,373,1,30,1209,18,235,2,41,785,0.00101,0.00791,0.40454,0.03375,0.0,0.0
289,2107,608,71,1999,37,5,3,20,373,1,30,1212,17,235,2,41,787,0.00101,0.00751,0.40556,0.0337,0.0,0.0
290,2108,608,71,2004,33,4,3,19,373,1,30,1214,14,235,2,41,790,0.00081,0.0067,0.40657,0.03368,0.0,0.0
291,2113,608,71,2008,34,3,3,19,373,1,30,1217,15,235,2,41,791,0.00061,0.0069,0.40738,0.0336,0.0,0.0
292,2114,609,71,2009,34,3,2,18,373,1,30,1217,16,236,1,41,792,0.00061,0.0069,0.40759,0.03359,0.0,0.0
293,2114,610,71,2011,32,4,2,17,374,1,30,1218,15,236,1,41,793,0.00081,0.00649,0.40799,0.03359,0.0,0.0
294,2119,610,71,2015,33,3,2,17,374,1,30,1221,16,236,1,41,794,0.00061,0.0067,0.40881,0.03351,0.0,0.0
295,2120,611,72,2019,29,2,2,17,374,1,31,1221,12,237,1,41,798,0.00041,0.00588,0.4097,0.03396,0.0,0.0
296,2120,613,72,2026,22,3,5,13,376,2,31,1225,9,237,3,41,801,0.00061,0.00446,0.41112,0.03396,0.0,0.0
297,2120,617,73,2027,20,5,4,12,378,2,31,1226,8,239,2,42,801,0.00101,0.00406,0.41141,0.03443,0.0,0.0
298,2122,617,73,2031,18,4,4,12,378,2,31,1228,6,239,2,42,803,0.00081,0.00365,0.41222,0.0344,0.0,0.0
299,2122,617,73,2031,18,4,4,11,378,2,31,1228,7,239,2,42,803,0.00081,0.00365,0.41222,0.0344,0.0,0.0
300,2123,617,73,2034,16,3,3,10,378,2,31,1230,6,239,1,42,804,0.00061,0.00325,0.41283,0.03439,0.0,0.0
301,2123,617,73,2036,14,2,2,9,378,1,31,1231,5,239,1,42,805,0.00041,0.00284,0.41323,0.03439,0.0,0.0
302,2124,617,73,2040,11,1,1,8,378,0,31,1233,3,239,1,42,807,0.0002,0.00223,0.41405,0.03437,0.0,0.0
303,2124,617,73,2041,10,1,1,7,378,0,31,1234,3,239,1,42,807,0.0002,0.00203,0.41425,0.03437,0.0,0.0
304,2125,617,73,2041,11,1,1,8,378,0,31,1234,3,239,1,42,807,0.0002,0.00223,0.41425,0.03435,0.0,0.0
305,2127,618,73,2044,10,1,0,10,379,0,31,1234,0,239,0,42,810,0.0002,0.00203,0.41486,0.03432,0.0,0.0
306,2128,618,73,2045,10,1,0,10,379,0,31,1235,0,239,0,42,810,0.0002,0.00203,0.41506,0.0343,0.0,0.0
307,2129,618,73,2046,10,1,0,10,379,0,31,1236,0,239,0,42,810,0.0002,0.00203,0.41526,0.03429,0.0,0.0
308,2129,618,73,2046,10,1,0,10,379,0,31,1236,0,239,0,42,810,0.0002,0.00203,0.41526,0.03429,0.0,0.0
309,2130,618,73,2048,9,0,0,8,379,0,31,1238,1,239,0,42,810,0.0,0.00183,0.41567,0.03427,0.0,0.0
310,2131,618,73,2048,10,0,0,9,379,0,31,1238,1,239,0,42,810,0.0,0.00203,0.41567,0.03426,0.0,0.0
311,2131,619,73,2049,9,1,0,8,380,0,31,1239,1,239,0,42,810,0.0002,0.00183,0.41587,0.03426,0.0,0.0
312,2132,619,73,2049,10,1,0,9,380,0,31,1239,1,239,0,42,810,0.0002,0.00203,0.41587,0.03424,0.0,0.0
313,2132,619,73,2050,9,1,0,9,380,0,31,1239,0,239,0,42,811,0.0002,0.00183,0.41607,0.03424,0.0,0.0
314,2135,619,73,2051,11,0,0,11,380,0,31,1240,0,239,0,42,811,0.0,0.00223,0.41628,0.03419,0.0,0.0
315,2137,620,73,2053,11,1,0,11,381,0,31,1242,0,239,0,42,811,0.0002,0.00223,0.41668,0.03416,0.0,0.0
316,2140,620,73,2055,12,1,0,12,381,0,31,1244,0,239,0,42,811,0.0002,0.00244,0.41709,0.03411,0.0,0.0
317,2142,620,73,2056,13,1,0,13,381,0,31,1245,0,239,0,42,811,0.0002,0.00264,0.41729,0.03408,0.0,0.0
318,2142,620,73,2057,12,0,1,9,381,1,31,1246,3,239,0,42,811,0.0,0.00244,0.4175,0.03408,0.0,0.0
319,2143,621,73,2058,12,1,2,10,382,1,31,1246,2,239,1,42,812,0.0002,0.00244,0.4177,0.03406,0.0,0.0
320,2143,622,73,2058,12,2,2,10,382,1,31,1246,2,240,1,42,812,0.00041,0.00244,0.4177,0.03406,0.0,0.0
321,2145,622,73,2059,13,2,2,10,382,1,31,1247,3,240,1,42,812,0.00041,0.00264,0.4179,0.03403,0.0,0.0
322,2145,622,73,2060,12,2,2,9,382,1,31,1248,3,240,1,42,812,0.00041,0.00244,0.4181,0.03403,0.0,0.0
323,2146,622,73,2061,12,2,3,8,382,2,31,1249,4,240,1,42,812,0.00041,0.00244,0.41831,0.03402,0.0,0.0
324,2148,624,73,2061,14,4,5,9,383,4,31,1249,5,241,1,42,812,0.00081,0.00284,0.41831,0.03399,0.0,0.0
325,2150,626,73,2062,15,5,4,9,385,3,31,1250,6,241,1,42,812,0.00101,0.00304,0.41851,0.03395,0.0,0.0
326,2151,626,73,2063,15,4,3,10,385,3,31,1250,5,241,0,42,813,0.00081,0.00304,0.41871,0.03394,0.0,0.0
327,2153,626,73,2063,17,4,3,9,385,3,31,1250,8,241,0,42,813,0.00081,0.00345,0.41871,0.03391,0.0,0.0
328,2156,626,73,2065,18,3,2,7,385,2,31,1252,11,241,0,42,813,0.00061,0.00365,0.41912,0.03386,0.0,0.0
329,2158,626,73,2066,19,2,1,7,385,1,31,1253,12,241,0,42,813,0.00041,0.00386,0.41932,0.03383,0.0,0.0
330,2159,627,73,2069,17,2,0,6,385,0,31,1254,11,242,0,42,815,0.00041,0.00345,0.41993,0.03381,0.0,0.0
331,2160,627,73,2071,16,2,0,5,385,0,31,1255,11,242,0,42,816,0.00041,0.00325,0.42034,0.0338,0.0,0.0
332,2161,627,73,2072,16,1,0,5,385,0,31,1255,11,242,0,42,817,0.0002,0.00325,0.42054,0.03378,0.0,0.0
333,2161,627,73,2074,14,0,1,5,385,0,31,1255,9,242,1,42,819,0.0,0.00284,0.42095,0.03378,0.0,0.0
334,2162,628,73,2075,14,1,1,4,385,0,31,1256,10,243,1,42,819,0.0002,0.00284,0.42115,0.03377,0.0,0.0
335,2165,628,73,2076,16,1,1,4,385,0,31,1257,12,243,1,42,819,0.0002,0.00325,0.42135,0.03372,0.0,0.0
336,2165,629,73,2077,15,2,1,4,385,0,31,1257,11,244,1,42,820,0.00041,0.00304,0.42155,0.03372,0.0,0.0
337,2165,629,73,2077,15,2,1,4,385,0,31,1257,11,244,1,42,820,0.00041,0.00304,0.42155,0.03372,0.0,0.0
338,2165,629,73,2080,12,2,1,4,385,0,31,1257,8,244,1,42,823,0.00041,0.00244,0.42216,0.03372,0.0,0.0
339,2165,629,73,2084,8,2,1,2,385,0,31,1259,6,244,1,42,825,0.00041,0.00162,0.42298,0.03372,0.0,0.0
340,2165,629,73,2086,6,1,0,2,385,0,31,1259,4,244,0,42,827,0.0002,0.00122,0.42338,0.03372,0.0,0.0
341,2165,629,73,2087,5,1,0,4,385,0,31,1259,1,244,0,42,828,0.0002,0.00101,0.42358,0.03372,0.0,0.0
342,2166,629,73,2088,5,1,0,4,385,0,31,1260,1,244,0,42,828,0.0002,0.00101,0.42379,0.0337,0.0,0.0
343,2167,629,73,2089,5,0,0,5,385,0,31,1260,0,244,0,42,829,0.0,0.00101,0.42399,0.03369,0.0,0.0
344,2169,629,73,2090,6,0,0,6,385,0,31,1261,0,244,0,42,829,0.0,0.00122,0.42419,0.03366,0.0,0.0
345,2169,630,73,2091,5,0,0,5,386,0,31,1262,0,244,0,42,829,0.0,0.00101,0.4244,0.03366,0.0,0.0
346,2169,630,73,2091,5,0,0,5,386,0,31,1262,0,244,0,42,829,0.0,0.00101,0.4244,0.03366,0.0,0.0
347,2169,630,73,2091,5,0,0,5,386,0,31,1262,0,244,0,42,829,0.0,0.00101,0.4244,0.03366,0.0,0.0
348,2169,630,73,2092,4,0,0,4,386,0,31,1263,0,244,0,42,829,0.0,0.00081,0.4246,0.03366,0.0,0.0
349,2169,630,73,2092,4,0,0,4,386,0,31,1263,0,244,0,42,829,0.0,0.00081,0.4246,0.03366,0.0,0.0
350,2170,630,73,2092,5,0,0,5,386,0,31,1263,0,244,0,42,829,0.0,0.00101,0.4246,0.03364,0.0,0.0
351,2170,630,73,2092,5,0,0,5,386,0,31,1263,0,244,0,42,829,0.0,0.00101,0.4246,0.03364,0.0,0.0
352,2170,630,73,2092,5,0,0,5,386,0,31,1263,0,244,0,42,829,0.0,0.00101,0.4246,0.03364,0.0,0.0
353,2170,630,73,2094,3,0,0,3,386,0,31,1265,0,244,0,42,829,0.0,0.00061,0.42501,0.03364,0.0,0.0
354,2170,630,73,2094,3,0,0,3,386,0,31,1265,0,244,0,42,829,0.0,0.00061,0.42501,0.03364,0.0,0.0
355,2170,630,73,2096,1,0,0,1,386,0,31,1267,0,244,0,42,829,0.0,0.0002,0.42541,0.03364,0.0,0.0
356,2170,630,73,2096,1,0,0,1,386,0,31,1267,0,244,0,42,829,0.0,0.0002,0.42541,0.03364,0.0,0.0
357,2170,630,73,2096,1,0,0,1,386,0,31,1267,0,244,0,42,829,0.0,0.0002,0.42541,0.03364,0.0,0.0
358,2170,630,73,2096,1,0,0,1,386,0,31,1267,0,244,0,42,829,0.0,0.0002,0.42541,0.03364,0.0,0.0
359,2170,630,73,2096,1,0,0,1,386,0,31,1267,0,244,0,42,829,0.0,0.0002,0.42541,0.03364,0.0,0.0
360,2170,630,73,2097,0,0,0,0,386,0,31,1268,0,244,0,42,829,0.0,0.0,0.42561,0.03364,0.0,0.0
