Number,Age,Sex,Family number,Careful factor,Social distance factor,Death risk factor,Symptomatic,Severe illness,Urban area
0,24,Female,0,0.8824448110261331,1.006309087207731,1.0,True,False,A
1,48,Male,0,0.9915204170859903,1.0270683994639012,1.1983673469387757,False,False,A
2,45,Female,0,1.1545554630286678,1.1490830008850885,1.1377551020408163,False,False,A
3,63,Female,0,1.001263895733799,0.9660332769436392,1.666734693877551,True,True,A
4,26,Male,1,1.0515569729340926,1.0146228852601658,1.0,False,False,B
5,36,Male,1,0.9594908822059021,0.8939678198576827,1.0220408163265307,True,True,B
6,53,Male,2,1.0925516694393407,1.0346539040318765,1.3238775510204082,False,False,B
7,55,Male,2,0.9147416469011995,1.1141776903578522,1.3826530612244898,False,False,B
8,15,Male,3,1.0519599531493347,1.0510048025048178,1.0,False,False,A
9,60,Female,3,0.9939839874226274,0.8493656424809998,1.5510204081632653,True,True,A
10,37,Female,3,1.101200027122674,0.9006064519243089,1.03,False,False,A
11,43,Female,4,0.9118681072187586,1.0843940150244888,1.103469387755102,False,False,A
12,30,Female,5,0.9000898688411747,1.0119976448382935,1.0,True,True,B
13,69,Male,5,0.8586217953148841,1.027828084354391,1.9312244897959183,True,True,B
14,59,Male,5,0.8649016418025895,1.1165165773778996,1.5148979591836733,False,False,B
15,47,Male,5,1.0281526515273252,1.0777518774194985,1.176938775510204,True,True,B
16,93,Male,5,0.8537819754328542,1.0007131191939165,3.4299999999999997,True,True,B
17,33,Male,6,0.8970538221985513,0.9690713746514381,1.0055102040816326,False,False,B
18,28,Male,6,1.0424516923047282,0.9424744459059078,1.0,False,False,B
19,51,Female,7,0.8826472818181983,0.9250745995680687,1.27,False,False,A
20,76,Male,7,0.9991198887412351,1.0559498805970375,2.2955102040816326,False,False,A
21,29,Female,8,1.1610468869888604,1.0838151441790511,1.0,False,False,A
22,34,Male,8,1.0223867586618725,1.0016845195810973,1.009795918367347,False,False,A
23,59,Female,8,0.951211395493264,1.0229331664693966,1.5148979591836733,True,True,A
24,41,Male,8,0.8325040507494885,0.8970741451239467,1.0740816326530613,True,True,A
25,57,Male,9,1.0423449577351867,1.1528069350186563,1.446326530612245,False,False,A
26,37,Male,9,1.0819234882405486,1.1078905869835014,1.03,False,False,A
27,29,Male,10,1.0951755937329122,1.016558951372075,1.0,False,False,A
28,85,Male,10,0.9424565634691353,0.9662574636547209,2.8520408163265305,True,True,A
29,21,Male,10,0.944287747869549,1.0653527303978054,1.0,False,False,A
30,58,Female,11,0.9294556075973344,0.9457973315927202,1.48,True,False,A
31,22,Male,11,0.9856127814554114,0.8845778331313277,1.0,True,False,A
32,21,Female,11,1.0117567027525693,1.0140156342085942,1.0,False,False,A
33,34,Male,11,0.9876905258010211,0.8976966114358748,1.009795918367347,True,True,A
34,38,Male,11,1.0287712279934578,0.8136934675796477,1.0391836734693878,False,False,A
35,82,Male,12,1.1643570848782292,0.8165527230622028,2.655510204081633,False,False,A
36,38,Male,12,0.8975232681448907,0.998054350704251,1.0391836734693878,True,False,A
37,71,Female,12,0.8797738327052921,1.0749120302995099,2.029183673469388,True,True,A
38,21,Male,13,0.9327817676192296,1.1658194515589706,1.0,False,False,A
39,24,Male,13,1.0657273031012704,1.1647898948423396,1.0,True,True,A
40,42,Female,13,0.8685965256430581,0.9958783460320579,1.0881632653061224,False,False,A
41,67,Female,13,0.9744921625560474,1.0897690080367233,1.8381632653061226,False,False,A
42,28,Male,14,0.8586011828918707,0.941844248879985,1.0,False,False,B
43,80,Female,14,0.9647271683365721,0.9650077559727233,2.5306122448979593,True,True,B
44,29,Female,14,1.1678548250798688,1.027509344639951,1.0,False,False,B
45,25,Female,15,1.0718560959035672,0.9610721214239906,1.0,True,False,B
46,50,Male,15,1.0823049251565175,1.0185469898621677,1.2448979591836735,False,False,B
47,77,Female,15,0.9140218281770314,1.0693566449811491,2.352448979591837,False,False,B
48,55,Female,15,1.087487474549751,0.8818669961310228,1.3826530612244898,False,False,B
49,58,Male,16,1.013928714036901,1.0266997884317124,1.48,True,True,A
50,36,Male,16,1.1266887003027575,0.9864621248065262,1.0220408163265307,False,False,A
51,66,Female,16,1.031790397590472,0.912280269330588,1.7934693877551022,False,False,A
52,22,Female,17,0.9860629226376741,1.017210726410326,1.0,False,False,A
53,9,Female,17,0.9004153756801473,0.8682583927411769,1.0,True,False,A
54,42,Female,18,0.9665909555960206,0.8624599044033933,1.0881632653061224,False,False,B
55,41,Male,18,0.9865310768114957,1.0816515239629056,1.0740816326530613,False,False,B
56,44,Female,19,0.9529185514127946,0.9330731271391188,1.12,False,False,A
57,19,Female,20,1.0290742133668107,1.0498771195604835,1.0,False,False,B
58,60,Male,20,1.0997374470199714,1.0923239365192527,1.5510204081632653,False,False,B
59,36,Female,21,1.0462063928581495,0.9448641497185799,1.0220408163265307,False,False,A
60,55,Male,21,1.0704043878952947,0.9831397036374555,1.3826530612244898,True,False,A
61,27,Male,22,1.0779626717112991,0.9436731030975756,1.0,False,False,A
62,14,Male,22,0.9796186320137782,0.8846083814398618,1.0,True,False,A
63,40,Male,22,1.0017950302050698,0.8505080432847044,1.0612244897959184,False,False,A
64,33,Female,23,1.0274254046627405,1.1065579556066918,1.0055102040816326,False,False,A
65,62,Female,23,1.0250983889758822,1.0354214475268015,1.626938775510204,False,False,A
66,49,Female,23,1.0873046159948268,1.0468181660198916,1.2210204081632654,True,True,A
67,24,Female,24,1.0848997793281705,1.031097757429246,1.0,True,False,A
68,34,Female,25,1.1308817787847993,1.1010331221793128,1.009795918367347,False,False,B
69,32,Male,25,0.8570819493032503,0.9172361484653273,1.0024489795918368,True,True,B
70,29,Male,26,1.082518295177214,1.0133862042265003,1.0,True,False,B
71,24,Male,26,1.0634568433327785,0.9336093109210388,1.0,False,False,B
72,25,Male,27,1.154193957865021,0.9712484627222502,1.0,False,False,B
73,35,Male,27,0.8384467428673736,0.9650143412323071,1.0153061224489797,False,False,B
74,68,Male,28,1.043389463343801,0.9866459387151485,1.8840816326530612,True,True,A
75,49,Male,28,0.9557433823013177,0.9252538437234512,1.2210204081632654,False,False,A
76,7,Male,29,1.0150998732192962,0.9398602978502231,1.0,False,False,A
77,31,Female,30,0.9991546793634992,0.9470114317980074,1.000612244897959,False,False,A
78,22,Female,30,1.0443913823978512,0.8957105095265412,1.0,False,False,A
79,81,Male,30,0.9165114623573929,1.0461973430866434,2.592448979591837,True,True,A
80,34,Male,31,0.9442997487748503,0.929128459016065,1.009795918367347,False,False,B
81,61,Male,31,1.106049386375034,0.9383314616438907,1.5883673469387753,False,False,B
82,74,Female,32,1.0722754040145022,1.0649930681998572,2.1853061224489796,False,False,B
83,28,Male,32,0.9303478339156624,0.9808564117020829,1.0,False,False,B
84,28,Male,32,1.0891707183386528,0.9748844056219774,1.0,False,False,B
85,32,Female,33,1.100548947588986,0.9859336053377481,1.0024489795918368,False,False,A
86,39,Male,33,1.016507198207679,0.9708604273766337,1.049591836734694,False,False,A
87,30,Female,33,1.0607489480370451,1.1520674368875743,1.0,True,False,A
88,14,Male,34,0.9821642532624257,1.0673765320964714,1.0,False,False,B
89,19,Female,34,1.010591957521229,1.003597825409405,1.0,False,False,B
90,33,Female,34,1.0464929039117092,0.9177692400973076,1.0055102040816326,False,False,B
91,19,Female,34,0.9838627340424559,1.0697511976846836,1.0,False,False,B
92,51,Female,35,1.0048215602430977,0.9758238811308778,1.27,True,False,B
93,80,Male,35,1.159110421323992,1.0338880184029196,2.5306122448979593,True,True,B
94,21,Male,35,0.9922699673933537,0.9310144140042428,1.0,False,False,B
95,36,Female,35,0.9941021385195503,0.969885534410481,1.0220408163265307,False,False,B
96,34,Female,36,1.0490444674787112,1.0069437665766208,1.009795918367347,False,False,A
97,13,Female,36,0.8688817041217095,1.0028253431218235,1.0,False,False,A
98,37,Male,36,0.9225373501514668,0.9114371374990338,1.03,False,False,A
99,24,Female,37,1.0821009160616737,1.0887869633944458,1.0,False,False,B
100,25,Male,38,0.9141940816731453,1.036655814920782,1.0,False,False,B
101,51,Male,38,1.088859852938119,1.035173296211315,1.27,False,False,B
102,24,Female,39,0.8597218083502303,0.8870831519201944,1.0,False,False,A
103,10,Male,39,0.8740130431011895,0.9616487029977459,1.0,False,False,A
104,54,Female,40,1.1424365197037736,1.1473447658637541,1.3526530612244898,False,False,A
105,26,Male,41,1.1534726416494223,1.1743835229089725,1.0,False,False,B
106,88,Male,41,0.9074701232048594,0.9960751020764456,3.059591836734694,True,True,B
107,66,Male,42,0.9315415012811455,1.0404519048185,1.7934693877551022,False,False,B
108,66,Male,42,0.9708313353497974,0.9719331970019662,1.7934693877551022,False,False,B
109,20,Male,43,0.9931082526048551,0.994041302764904,1.0,False,False,A
110,28,Male,44,0.8461443997387667,1.0657158768852661,1.0,False,False,A
111,47,Female,44,0.9225092367558956,1.150954480263477,1.176938775510204,False,False,A
112,20,Female,44,1.1781391415155793,0.9379124794980647,1.0,False,False,A
113,83,Female,44,0.8729080919126296,0.8719205343236816,2.719795918367347,True,True,A
114,43,Female,45,1.1306931791022423,1.1223935890702257,1.103469387755102,True,False,A
115,22,Male,45,1.068369429585189,1.1497382552623219,1.0,False,False,A
116,40,Female,46,1.1561685557213395,0.9607659290648709,1.0612244897959184,True,False,A
117,55,Female,46,1.055842196603012,1.0481829636803224,1.3826530612244898,True,True,A
118,58,Male,47,0.9763265347118004,0.9554263433653077,1.48,False,False,A
119,62,Male,47,1.0775969492130364,0.8380141964453998,1.626938775510204,False,False,A
120,28,Female,48,0.9811804956654036,0.8980551860707344,1.0,False,False,A
121,42,Female,48,1.0767670661039423,1.0400952249626751,1.0881632653061224,True,True,A
122,41,Male,48,0.9186997568376589,1.0408371594134227,1.0740816326530613,False,False,A
123,42,Female,49,0.9717266952238028,1.1446947389650528,1.0881632653061224,True,False,A
124,23,Female,49,0.9446201519329724,0.9855007846256922,1.0,True,True,A
125,15,Female,50,1.0678696343604175,0.9352029049233195,1.0,False,False,A
126,95,Male,51,0.9353503934791993,0.9522754817182181,3.586734693877551,True,True,A
127,76,Female,52,1.0702672101174842,0.899107059230333,2.2955102040816326,True,True,B
128,53,Female,52,0.880289206397885,0.9660022712556398,1.3238775510204082,True,True,B
129,70,Female,52,0.870847356107683,0.9870631690350351,1.979591836734694,False,False,B
130,26,Female,52,0.9711555052549699,0.9086709138372341,1.0,False,False,B
131,45,Male,53,1.1154641939877177,0.9519753079537949,1.1377551020408163,True,False,B
132,14,Female,53,0.9736344976163257,0.9895764325169657,1.0,True,False,B
133,54,Male,53,1.0078003172601115,1.0467969513631152,1.3526530612244898,False,False,B
134,69,Male,54,0.929454393544679,0.8390720355302392,1.9312244897959183,True,True,B
135,36,Male,54,0.8206961100793999,1.0418770465617746,1.0220408163265307,False,False,B
136,68,Male,54,1.0337066611085282,1.082056522113961,1.8840816326530612,False,False,B
137,47,Male,55,0.9608129018116851,1.0420343775805427,1.176938775510204,True,False,B
138,51,Female,55,1.1760236408528166,0.942877307847704,1.27,True,True,B
139,41,Male,55,1.057217431621603,1.0261619965286877,1.0740816326530613,False,False,B
140,68,Female,55,1.073666075814985,1.0810015005596525,1.8840816326530612,True,True,B
141,12,Male,56,1.0862726986045772,1.0267275796861113,1.0,False,False,A
142,70,Female,56,0.9851594185290694,1.024539009227406,1.979591836734694,False,False,A
143,49,Male,56,1.0252400321349282,1.0364617416238238,1.2210204081632654,True,False,A
144,44,Female,56,1.1103136554195634,1.0735931425592136,1.12,False,False,A
145,59,Male,56,1.1338776845029952,0.9650036846495951,1.5148979591836733,False,False,A
146,35,Female,57,0.9936516435960078,1.0310997848761452,1.0153061224489797,False,False,A
147,28,Male,57,0.9623334960324849,1.0139141611052622,1.0,False,False,A
148,63,Male,58,1.1378545274010252,0.9250254779176197,1.666734693877551,True,False,A
149,36,Female,58,1.1004050440927313,1.0190044470512465,1.0220408163265307,False,False,A
150,54,Male,58,0.9615190239685864,1.0712942431526415,1.3526530612244898,False,False,A
151,30,Male,58,1.0536901594558243,0.809807937503225,1.0,False,False,A
152,51,Female,58,0.9965176874334876,0.9269158864331639,1.27,True,True,A
153,97,Male,59,1.042603654562813,0.9863390710381441,3.7483673469387755,True,True,B
154,39,Male,60,0.9424158056091094,0.8728825748232346,1.049591836734694,False,False,B
155,70,Female,60,0.9357142475600208,0.9991022238820115,1.979591836734694,False,False,B
156,70,Female,60,1.011055152667832,1.078883364231408,1.979591836734694,True,True,B
157,53,Female,61,0.9565380436391518,1.0263763024978014,1.3238775510204082,False,False,A
158,21,Female,61,0.901356554776682,0.8595734179585406,1.0,False,False,A
159,36,Female,62,0.9724837502183842,0.9590782554188584,1.0220408163265307,False,False,A
160,19,Female,62,0.9076754972224432,1.0792834283378863,1.0,True,True,A
161,61,Male,62,0.9946708878008181,0.9155956509561464,1.5883673469387753,False,False,A
162,59,Male,63,1.0239714565418263,1.1497507204438404,1.5148979591836733,True,False,A
163,32,Male,63,0.9526507986432076,0.9341206067119869,1.0024489795918368,False,False,A
164,39,Female,63,0.9536536584398282,0.9061433403027149,1.049591836734694,False,False,A
165,74,Female,63,0.8951530089687217,1.072635616678176,2.1853061224489796,True,False,A
166,68,Male,64,0.867772968928203,0.9418549536949742,1.8840816326530612,False,False,B
167,68,Male,64,0.9711963101085476,0.9645335656984887,1.8840816326530612,True,False,B
168,51,Female,65,1.1025260621815878,0.940608709670427,1.27,False,False,A
169,49,Male,65,1.0737246964555394,1.0149861736494454,1.2210204081632654,False,False,A
170,28,Female,66,1.0726115666690132,0.8951852035639957,1.0,False,False,B
171,55,Male,66,0.9135065648505905,0.946482879725645,1.3826530612244898,False,False,B
172,49,Female,66,1.0112905742198295,0.9400517950984268,1.2210204081632654,False,False,B
173,23,Female,67,0.9639447550679006,0.9877904081817581,1.0,False,False,A
174,38,Female,67,0.991243945249386,0.9750394098688148,1.0391836734693878,False,False,A
175,37,Female,67,1.1240442621827065,1.0452486591438301,1.03,True,True,A
176,29,Female,68,1.014649107381227,0.937595157292166,1.0,False,False,A
177,26,Male,69,0.9068222003520554,0.9752832338595683,1.0,False,False,A
178,71,Female,69,0.8363366566105653,0.9214448797135921,2.029183673469388,False,False,A
179,87,Female,69,0.8935312407720024,1.0264480136986773,2.9891836734693875,True,True,A
180,50,Female,70,1.109462234571278,0.8353980494334375,1.2448979591836735,False,False,A
181,26,Male,70,1.028282142497423,0.8883249571569185,1.0,False,False,A
182,6,Female,71,0.9222726312266729,1.0049380522394984,1.0,False,False,B
183,71,Male,71,1.0793705608778703,0.8683282146359581,2.029183673469388,True,True,B
184,16,Female,72,0.9658947441875243,1.01949543910002,1.0,False,False,A
185,35,Male,73,0.9467599149457931,1.1113956071135855,1.0153061224489797,False,False,A
186,12,Female,73,1.0688400757882568,0.9142064652377598,1.0,False,False,A
187,38,Female,74,0.9905459943516642,0.9294528996614958,1.0391836734693878,False,False,B
188,13,Female,74,0.8877846445007657,0.9972349744770732,1.0,False,False,B
189,37,Female,75,0.9253095314891497,1.0207989360778675,1.03,True,True,A
190,9,Female,75,0.8559075835131482,0.9999761855570068,1.0,False,False,A
191,64,Male,76,1.0225749643018534,0.9618836249653255,1.7077551020408164,False,False,B
192,25,Male,76,0.9967247130104652,1.034179334453876,1.0,False,False,B
193,77,Male,77,1.085071972028269,0.9269784885625327,2.352448979591837,True,True,B
194,46,Female,77,0.9954755251366594,1.123352748570934,1.1567346938775511,True,True,B
195,19,Female,78,0.8830315037930828,0.9617005676407744,1.0,False,False,A
196,29,Female,78,1.1086654020580309,1.0712563239838397,1.0,True,True,A
197,20,Male,79,1.0439415858911267,1.0041425809576356,1.0,True,True,B
198,67,Male,79,0.9959938100711887,0.8310251051547168,1.8381632653061226,False,False,B
199,24,Female,80,0.9371729549554052,1.098039837927566,1.0,False,False,B
200,84,Female,81,0.9229433484759697,1.1423714023863996,2.7853061224489792,True,True,A
201,21,Female,81,0.8913429916753713,1.0690408459615957,1.0,False,False,A
202,52,Female,82,1.0646650381944065,1.1439128359638222,1.296326530612245,True,True,B
203,91,Female,82,1.0718624992573318,0.9005966400728994,3.278163265306122,True,True,B
204,60,Female,82,1.003710026507074,1.0568208004734976,1.5510204081632653,False,False,B
205,69,Male,82,1.0183846519315676,1.1034522913102542,1.9312244897959183,True,True,B
206,82,Female,82,1.0004302599361092,1.0202991982114449,2.655510204081633,True,True,B
207,89,Male,83,0.9652911687786951,0.9222712609856635,3.131224489795918,True,True,B
208,27,Male,83,1.0010083372393774,1.0078053344800133,1.0,True,False,B
209,27,Female,83,0.9726465029055535,0.9252056353263443,1.0,False,False,B
210,53,Male,83,1.0995399632079341,0.969782823035988,1.3238775510204082,False,False,B
211,56,Male,84,0.9359406482834388,0.9441164512769984,1.4138775510204082,False,False,B
212,43,Male,84,1.1212477668358463,0.9436217215477088,1.103469387755102,False,False,B
213,56,Female,84,1.014487906048731,1.0379639070046731,1.4138775510204082,True,False,B
214,56,Female,85,0.9818441361514375,1.0954025476043305,1.4138775510204082,False,False,B
215,57,Female,86,1.105729814984004,0.9411685157281369,1.446326530612245,True,True,A
216,34,Female,86,1.0047708265389756,1.015346174037488,1.009795918367347,False,False,A
217,33,Male,86,0.9204606449689323,0.879477974574382,1.0055102040816326,False,False,A
218,37,Male,86,0.9686445539884863,0.8987893648634426,1.03,True,True,A
219,15,Female,87,0.9656164267345121,0.8482138046424703,1.0,False,False,A
220,19,Female,87,0.9715867250014814,1.1335291339186577,1.0,False,False,A
221,27,Female,88,0.9314379587077537,1.05638536371396,1.0,False,False,B
222,57,Male,88,0.8738490096538531,1.1389210254294881,1.446326530612245,True,True,B
223,37,Male,89,0.9490131400505458,0.9891705638152138,1.03,True,False,B
224,13,Female,89,1.0268377102889716,1.1008676899154761,1.0,True,False,B
225,44,Male,90,1.0446129114415341,0.8905145398909082,1.12,False,False,A
226,15,Male,90,1.0802423914370922,1.0737123466978273,1.0,True,True,A
227,29,Male,90,1.0210395187908166,0.9530538104659385,1.0,False,False,A
228,46,Male,91,0.8210597296083477,0.8479936810762562,1.1567346938775511,True,True,A
229,31,Female,91,0.9522169392990434,1.0373449893346385,1.000612244897959,False,False,A
230,34,Male,92,0.9853543492193194,1.057024728964315,1.009795918367347,False,False,A
231,53,Male,92,0.9447236669445893,1.002643740480662,1.3238775510204082,False,False,A
232,32,Female,92,1.154108557069591,0.9872039775513672,1.0024489795918368,False,False,A
233,51,Female,92,0.8651467997984131,0.9869773300079159,1.27,False,False,A
234,22,Female,92,0.9595232118545027,0.9437115750262866,1.0,True,True,A
235,42,Male,93,1.043352077230833,0.8567662579320993,1.0881632653061224,True,True,B
236,66,Female,93,1.0776692855719525,1.101962164218906,1.7934693877551022,True,False,B
237,37,Male,93,0.9419396059106414,1.0457657207438822,1.03,False,False,B
238,56,Male,94,1.0435706808326324,0.9399555122218104,1.4138775510204082,False,False,A
239,68,Female,94,1.069827103682714,0.820595257697687,1.8840816326530612,False,False,A
240,22,Male,95,0.954098088974739,1.1504009719810255,1.0,False,False,A
241,52,Female,95,0.9509627294553673,1.0810416296725855,1.296326530612245,True,True,A
242,27,Female,96,1.0094485003467266,0.9320430452606198,1.0,False,False,A
243,49,Female,96,1.073539229187975,0.8453015286209289,1.2210204081632654,False,False,A
244,70,Male,96,1.0699678541093418,1.0411709585618816,1.979591836734694,False,False,A
245,37,Male,97,0.9867022126696198,1.157179011967884,1.03,False,False,B
246,31,Female,97,0.9242238749023459,1.1041196717929571,1.000612244897959,False,False,B
247,43,Female,98,1.050983875477222,1.0565325950260127,1.103469387755102,False,False,A
248,33,Male,98,0.9421342093301511,0.8904554346330202,1.0055102040816326,False,False,A
249,76,Male,99,1.1646196571741392,1.1060987279370547,2.2955102040816326,False,False,A
250,56,Male,99,0.9689806703247912,0.9094381831487363,1.4138775510204082,False,False,A
251,69,Female,100,0.8962236838609181,1.10604409011192,1.9312244897959183,True,True,A
252,22,Male,100,1.1114791348986546,0.98838069325285,1.0,False,False,A
253,13,Male,101,1.0144593777510793,1.0360201332172707,1.0,False,False,B
254,55,Male,101,1.004349715061646,1.1317374735440584,1.3826530612244898,False,False,B
255,74,Male,101,1.0097175306434938,1.1681367762109087,2.1853061224489796,True,True,B
256,27,Female,102,1.0383375200723515,1.0125204234892928,1.0,False,False,A
257,37,Female,102,1.0419172444695712,1.1202906436115945,1.03,False,False,A
258,9,Female,102,1.0219641687187537,1.0191526364013943,1.0,False,False,A
259,78,Female,103,0.8951259019306792,0.9655365453844338,2.4106122448979592,False,False,B
260,72,Male,103,1.0308127716342848,1.0085475966573523,2.08,False,False,B
261,32,Female,103,1.0035862319865632,0.9678006760286342,1.0024489795918368,True,False,B
262,69,Male,103,1.0614237811377563,0.9361364294940271,1.9312244897959183,True,True,B
263,35,Female,104,1.0152210315860024,1.1153559141774023,1.0153061224489797,False,False,B
264,76,Female,104,0.8272194566205373,1.1027867366556618,2.2955102040816326,True,True,B
265,23,Male,105,1.1786280011707273,1.090492055637372,1.0,False,False,B
266,25,Male,105,0.9439561387002686,1.058175094021762,1.0,True,False,B
267,36,Male,106,0.9972002424901516,1.0222083541161573,1.0220408163265307,False,False,B
268,47,Female,106,0.8644206477534344,1.0664855754666904,1.176938775510204,False,False,B
269,38,Male,107,1.0282278609391107,1.0090305484531512,1.0391836734693878,False,False,A
270,30,Male,108,0.916483647164333,0.9977914687792213,1.0,False,False,B
271,12,Male,108,1.1480862997975856,1.0057299349545012,1.0,False,False,B
272,30,Male,108,0.9429927769819946,0.9040283060551365,1.0,False,False,B
273,79,Male,108,0.9388802964775398,1.1274096594772418,2.47,False,False,B
274,3,Male,109,1.158812654750016,1.123578474634204,1.0,False,False,B
275,30,Male,110,1.0117023178845188,1.0078754710389324,1.0,False,False,B
276,53,Male,110,0.9908332749127802,0.9568343881919354,1.3238775510204082,False,False,B
277,84,Female,110,0.9537366717693587,1.145874250086029,2.7853061224489792,False,False,B
278,73,Male,111,1.0147246565188008,0.8306773978963067,2.1320408163265308,False,False,A
279,14,Female,112,1.1404593143185013,1.0869383300513047,1.0,False,False,A
280,51,Female,112,1.071793079223115,0.8942085567354071,1.27,False,False,A
281,19,Male,113,1.030202534953794,0.9790573281526052,1.0,False,False,A
282,54,Female,113,1.1216259513031366,1.161518072078766,1.3526530612244898,False,False,A
283,29,Male,113,0.8464407167688249,0.9728859533974019,1.0,False,False,A
284,13,Female,114,0.8882444591923209,0.9492402786140826,1.0,False,False,B
285,40,Female,114,1.0173365831051824,1.1087225583542992,1.0612244897959184,True,False,B
286,26,Female,115,1.0934108392428001,1.16911258705588,1.0,False,False,A
287,90,Male,115,1.1196853377634952,1.0398243517865868,3.204081632653061,False,False,A
288,45,Female,116,1.1361569700231677,0.9617717158181104,1.1377551020408163,True,False,A
289,42,Female,116,1.0034183571164983,0.8595997434777051,1.0881632653061224,False,False,A
290,26,Male,116,1.1528819880808192,0.9980766402151152,1.0,False,False,A
291,22,Female,117,0.9424304693225356,0.8846467852338793,1.0,False,False,A
292,67,Male,118,1.0888917792373363,0.9441199970687251,1.8381632653061226,False,False,B
293,25,Female,118,0.9700213467614484,1.0665941712858489,1.0,True,True,B
294,28,Female,119,1.1575279852738394,1.1295949394779652,1.0,True,True,B
295,71,Female,119,1.041189623775367,0.9932674725952543,2.029183673469388,True,True,B
296,63,Female,120,0.9984616302374352,0.9222208938605078,1.666734693877551,True,True,A
297,50,Male,121,0.9120954374663719,0.8887182451102694,1.2448979591836735,False,False,A
298,21,Female,121,1.0435177790708856,0.9950595848269991,1.0,True,False,A
299,42,Female,122,1.013842953901865,1.0610946626669218,1.0881632653061224,True,False,A
300,41,Male,122,0.9578620235300006,1.0848105156864631,1.0740816326530613,False,False,A
301,25,Female,123,0.9481424436161989,1.146520377623293,1.0,False,False,B
302,21,Male,123,1.077268364213553,1.14721791313885,1.0,False,False,B
303,29,Female,124,0.9594360892155096,0.9135934212441343,1.0,False,False,B
304,76,Male,124,0.894812756918217,1.0428347307678212,2.2955102040816326,False,False,B
305,15,Female,124,0.8475628189037849,0.9497199580539346,1.0,False,False,B
306,77,Female,125,0.9913274267765011,1.0536837695284702,2.352448979591837,True,True,B
307,78,Female,125,0.9916840444939967,0.8629067446188808,2.4106122448979592,False,False,B
308,47,Female,126,1.0680439412240441,0.8523889821209405,1.176938775510204,False,False,A
309,23,Male,126,1.0688852916902776,1.0396317079909185,1.0,False,False,A
310,96,Male,126,0.9616854446532037,0.977577043899638,3.6669387755102045,True,True,A
311,25,Female,126,1.0439321843933953,1.042629896574565,1.0,False,False,A
312,24,Male,127,1.0546540156482707,1.0062183163606535,1.0,True,False,B
313,66,Female,127,0.999059694154355,0.8989963233662863,1.7934693877551022,True,True,B
314,39,Female,128,1.1206913704604906,0.9984465424205065,1.049591836734694,False,False,A
315,22,Male,129,0.9119191383280187,1.0462211286111565,1.0,False,False,A
316,46,Female,129,0.9660457580745462,1.020474708410784,1.1567346938775511,False,False,A
317,79,Female,129,0.9657929713270882,0.972537770792343,2.47,True,True,A
318,48,Male,129,0.9346886559041844,1.1780848514695548,1.1983673469387757,False,False,A
319,13,Male,130,1.092747767083113,0.9420661777232404,1.0,True,False,A
320,82,Male,130,1.0459459745298578,1.1034512200950946,2.655510204081633,True,True,A
321,20,Male,130,1.0409100609331614,1.0560374666286934,1.0,False,False,A
322,36,Male,131,0.9511655986225389,0.9819026109094523,1.0220408163265307,False,False,B
323,31,Female,131,1.045436378163181,1.0814870818528657,1.000612244897959,True,False,B
324,79,Male,132,0.9625397677398468,1.0081927241504036,2.47,True,False,A
325,58,Male,132,0.9136683735822569,0.8539197888109589,1.48,True,True,A
326,53,Female,133,0.9932722924034648,0.8941390807595136,1.3238775510204082,False,False,A
327,19,Male,133,1.0210349954663607,0.9595721298582486,1.0,False,False,A
328,10,Male,134,1.0641233342316125,0.9150725340955044,1.0,False,False,B
329,14,Female,135,0.9447657065860964,0.9875841740617626,1.0,True,True,A
330,57,Male,135,1.0199549264936296,1.091071758818103,1.446326530612245,False,False,A
331,8,Female,136,0.9834535470541128,1.1160961033682935,1.0,False,False,A
332,15,Male,136,1.1068488782960357,0.9960234681931613,1.0,False,False,A
333,55,Male,136,1.1725219534075144,0.8585354672372365,1.3826530612244898,False,False,A
334,74,Male,137,0.8781496585268339,0.9647350388560532,2.1853061224489796,True,True,B
335,21,Female,137,0.9607125408281644,0.8964560072331104,1.0,False,False,B
336,56,Female,137,0.978660962347276,0.862809378282473,1.4138775510204082,True,False,B
337,81,Female,137,1.0498995286039254,0.914022768890958,2.592448979591837,True,True,B
338,64,Female,137,0.9552914530566012,0.9631217636819867,1.7077551020408164,False,False,B
339,54,Female,138,0.9075911699297926,0.8321387837608001,1.3526530612244898,False,False,B
340,57,Female,138,1.0459395680517933,0.9959049313018061,1.446326530612245,False,False,B
341,38,Male,138,1.0579390909047972,0.861030079142906,1.0391836734693878,False,False,B
342,65,Female,139,0.864469114630301,0.9925812502184872,1.75,False,False,B
343,49,Female,140,1.1028204985360281,1.0985291639999455,1.2210204081632654,True,True,A
344,27,Female,140,1.027214487154639,0.8899063878642897,1.0,True,True,A
345,68,Male,141,0.9700193647047315,0.9900029114730086,1.8840816326530612,True,True,A
346,62,Female,141,1.070960585859221,0.9401012979871322,1.626938775510204,False,False,A
347,69,Female,142,1.050680696462718,1.191968602696969,1.9312244897959183,True,True,A
348,68,Female,142,1.1649826934893142,1.0910993329211072,1.8840816326530612,True,True,A
349,42,Female,142,0.8833106696213059,0.9616660296735012,1.0881632653061224,False,False,A
350,52,Female,143,1.0582991223491505,0.9616417069553862,1.296326530612245,False,False,B
351,76,Female,143,0.8769759317368686,0.9347608927666011,2.2955102040816326,False,False,B
352,32,Female,143,1.0477908238349183,1.1713310579096694,1.0024489795918368,True,False,B
353,28,Male,143,0.8997212550056284,0.9544616377442264,1.0,True,True,B
354,49,Female,144,1.0598059523425756,1.0771660573821777,1.2210204081632654,False,False,A
355,56,Male,144,1.1224936035491757,1.0070359852464381,1.4138775510204082,False,False,A
356,37,Male,144,0.8324339892376501,1.12985807519027,1.03,False,False,A
357,33,Male,144,1.0414775840243256,0.9127360480914372,1.0055102040816326,True,True,A
358,31,Male,145,1.046982906878865,1.0892138132290956,1.000612244897959,False,False,B
359,39,Male,146,1.0425547114167621,1.1610538305103149,1.049591836734694,False,False,A
360,20,Male,146,1.0137781752167077,1.1152369179455721,1.0,True,True,A
361,49,Male,147,0.8723724333010838,0.987122998463165,1.2210204081632654,False,False,A
362,47,Female,147,0.9508082108980357,1.1015996011412061,1.176938775510204,False,False,A
363,60,Male,147,1.024278761253503,0.9813490058323245,1.5510204081632653,True,False,A
364,40,Female,147,1.0811323996541133,0.8450749242442539,1.0612244897959184,True,True,A
365,52,Male,148,0.9503775371100468,0.9602365392981831,1.296326530612245,False,False,B
366,25,Female,149,0.9932196243083605,1.0546307416423235,1.0,True,True,A
367,52,Male,149,1.033544637527212,0.9455901629570718,1.296326530612245,False,False,A
368,77,Male,149,0.9690630206366968,1.0503406203897783,2.352448979591837,False,False,A
369,29,Male,149,0.8542350233481094,0.9566196007339218,1.0,False,False,A
370,43,Male,150,1.0137228706587482,0.9187769815199951,1.103469387755102,True,False,A
371,5,Male,151,1.0930103947877392,0.8260611520531939,1.0,False,False,A
372,28,Female,151,1.014720149995179,1.061112724109091,1.0,False,False,A
373,79,Male,152,0.968861003982755,1.016272868232907,2.47,True,True,B
374,66,Female,152,0.9790390335211678,0.9262385886069656,1.7934693877551022,True,True,B
375,51,Male,152,1.0254742718398875,1.0783476163753085,1.27,False,False,B
376,24,Male,152,1.0275283372170396,0.9927383643007792,1.0,False,False,B
377,54,Male,153,1.0573289727308028,1.0909073924433093,1.3526530612244898,True,True,B
378,36,Female,153,1.0060283668237255,1.1228258122905688,1.0220408163265307,False,False,B
379,72,Female,154,0.9704242212147498,0.9842592185482343,2.08,True,True,A
380,55,Male,154,1.1243070390091792,0.977044996970453,1.3826530612244898,False,False,A
381,26,Female,154,1.0979403566076766,0.9765344691883431,1.0,True,False,A
382,47,Male,155,1.0538258412449037,0.950562682330327,1.176938775510204,False,False,B
383,30,Male,155,0.9779112449879496,0.8650169459639576,1.0,False,False,B
384,40,Female,156,0.9216007260235446,1.0230888415136927,1.0612244897959184,False,False,A
385,44,Male,156,0.9230788390017293,1.0124904948077522,1.12,True,False,A
386,35,Male,156,0.9269491224792746,1.0891373351329587,1.0153061224489797,False,False,A
387,35,Female,157,0.9210714289462457,0.9423799118124415,1.0153061224489797,False,False,A
388,26,Female,157,1.0406441924250396,0.9817226608523153,1.0,False,False,A
389,47,Male,158,1.1098745436420545,1.0335307731867625,1.176938775510204,False,False,A
390,68,Male,159,1.0085342386737266,0.883986294508106,1.8840816326530612,True,True,B
391,73,Female,159,1.123359842467208,1.1070078970199302,2.1320408163265308,True,True,B
392,49,Female,159,1.0207916108254176,1.0215141250353645,1.2210204081632654,False,False,B
393,35,Male,160,1.0369479578696206,0.9371014960079769,1.0153061224489797,True,True,A
394,64,Male,160,0.814471682662419,0.8525583546692985,1.7077551020408164,True,False,A
395,52,Male,161,0.9650808222281397,1.1705914506281605,1.296326530612245,False,False,A
396,27,Male,161,0.98927118720974,1.0267131039782973,1.0,True,False,A
397,20,Female,162,1.1374781058323409,0.9405393831647594,1.0,False,False,B
398,39,Female,162,0.9914577052975958,1.0158292717383994,1.049591836734694,False,False,B
399,16,Female,162,0.9926175262472949,0.9684666366044246,1.0,False,False,B
400,47,Male,162,1.0027778657715847,0.9790983246994377,1.176938775510204,False,False,B
401,20,Female,163,1.1093912932072854,1.038883162345132,1.0,False,False,A
402,22,Male,163,0.9576460259100625,1.0975075972234685,1.0,False,False,A
403,60,Male,164,1.007833599902729,1.011145350003877,1.5510204081632653,False,False,B
404,48,Male,164,0.8741868587740527,1.0903907255612224,1.1983673469387757,True,False,B
405,21,Female,165,1.0288965538256,0.9529467774300888,1.0,True,False,B
406,55,Male,165,0.9331918206361242,0.8773954417580478,1.3826530612244898,True,False,B
407,46,Female,165,0.9978994234078852,0.9280970197670483,1.1567346938775511,False,False,B
408,36,Male,166,1.053489023112017,0.9945153708446026,1.0220408163265307,False,False,B
409,37,Male,166,1.0448594633439443,1.1448507083631805,1.03,True,False,B
410,36,Male,166,1.0169163558446455,1.0822221383422983,1.0220408163265307,False,False,B
411,13,Male,166,0.899448186173038,1.0306397317891989,1.0,True,True,B
412,27,Male,167,0.9414828536669492,1.0770771389267273,1.0,False,False,A
413,24,Female,167,1.128641418165718,0.9804414002661513,1.0,False,False,A
414,25,Male,167,0.9181866168266127,0.9236303661518613,1.0,True,True,A
415,37,Male,168,0.9418635544226437,0.9385452867999847,1.03,True,False,A
416,25,Female,168,1.0626634393809973,1.1499216038034272,1.0,False,False,A
417,78,Male,169,1.0511055699857155,0.8881798437869644,2.4106122448979592,False,False,B
418,8,Female,170,1.0420179631720992,0.8867332917918411,1.0,True,False,B
419,89,Male,170,0.9736508938358586,1.0281055007040731,3.131224489795918,True,True,B
420,25,Male,171,1.0777338454913579,1.102321172214738,1.0,False,False,A
421,39,Male,171,0.8773331711456716,1.1204280210730688,1.049591836734694,False,False,A
422,17,Male,172,0.9303397711800707,0.9796792686692599,1.0,False,False,A
423,62,Female,172,1.1022039251282822,0.9818573126686028,1.626938775510204,True,True,A
424,58,Female,173,0.9096060224696644,0.9567718334093394,1.48,False,False,B
425,28,Female,173,1.008049956514733,0.9134207543317427,1.0,False,False,B
426,38,Female,174,0.880355345420986,0.9817634291237525,1.0391836734693878,False,False,A
427,24,Male,174,0.9155970679123159,1.162284921277535,1.0,False,False,A
428,26,Female,174,1.0619646702583747,0.9975255377763175,1.0,False,False,A
429,40,Male,175,1.0621404158471492,0.9234548870544578,1.0612244897959184,False,False,B
430,11,Male,175,0.9570588011106905,0.9224666303562687,1.0,True,False,B
431,41,Female,176,1.0393963730175675,0.9722556047809313,1.0740816326530613,True,False,B
432,40,Female,176,0.9810910408585652,0.9131345821654635,1.0612244897959184,False,False,B
433,30,Female,176,0.920456691199514,0.9266007431144428,1.0,False,False,B
434,32,Female,177,1.0841585549721868,0.8714309846040639,1.0024489795918368,True,False,A
435,61,Female,177,1.0355887634317655,1.0729481677871533,1.5883673469387753,False,False,A
436,52,Female,178,0.9980960232179925,1.15315834574534,1.296326530612245,False,False,B
437,39,Male,178,1.0415581554539979,1.014908431597401,1.049591836734694,False,False,B
438,20,Male,179,0.8636645387975209,1.079921967119712,1.0,False,False,A
439,18,Female,180,1.022028379610753,1.1554115811584746,1.0,False,False,A
440,56,Male,180,1.112483306314477,1.0607952448778146,1.4138775510204082,True,True,A
441,20,Female,181,0.851389108157037,0.9511536455616345,1.0,False,False,A
442,29,Male,181,0.861383888753196,1.1509142246854303,1.0,False,False,A
443,43,Male,181,1.0194869069939663,1.06132026386565,1.103469387755102,False,False,A
444,23,Male,181,1.0219399459468184,1.0625658891919105,1.0,False,False,A
445,23,Male,182,0.9867088147662244,0.9783901155514274,1.0,False,False,B
446,65,Female,182,1.1251646822179353,0.9799442155643473,1.75,True,True,B
447,89,Female,183,0.8549862303324778,1.1460594030850464,3.131224489795918,True,True,A
448,80,Male,183,0.9236677653408804,0.9833961381217906,2.5306122448979593,False,False,A
449,31,Male,184,0.9895048196195149,1.095633505886138,1.000612244897959,False,False,A
450,25,Female,184,0.9817776138098162,1.1809318648572271,1.0,False,False,A
451,36,Female,185,0.9226269453962687,1.0777279873829408,1.0220408163265307,False,False,A
452,18,Male,185,1.0722814905019056,0.8855311858074524,1.0,False,False,A
453,67,Female,186,1.1231140045153114,1.0863276350078606,1.8381632653061226,True,False,A
454,70,Female,186,0.8682713191987891,1.0092863847870839,1.979591836734694,False,False,A
455,66,Male,187,1.0231475274066963,1.1069895580907079,1.7934693877551022,True,False,B
456,15,Female,187,0.913883749559321,0.9710626710591018,1.0,False,False,B
457,59,Male,187,1.0003014992307668,1.0548771935608077,1.5148979591836733,True,True,B
458,28,Male,187,0.9547018348798749,0.9812889115420003,1.0,False,False,B
459,26,Female,188,0.8950027461700597,1.025904041275851,1.0,False,False,B
460,75,Female,188,0.9658002264501646,0.8538776235800034,2.239795918367347,False,False,B
461,19,Male,189,1.1305326003358853,0.9095187149907581,1.0,False,False,A
462,19,Male,189,1.046863496630607,1.0829713453453684,1.0,False,False,A
463,54,Male,190,0.9790627941730683,1.0179193954269543,1.3526530612244898,False,False,B
464,3,Male,190,1.0028273445540252,0.9301514936158062,1.0,False,False,B
465,41,Female,191,0.8924725922434107,1.0368790611953191,1.0740816326530613,False,False,B
466,32,Male,191,0.941652553392921,0.8559326245586136,1.0024489795918368,False,False,B
467,52,Male,192,1.0222967749467968,0.963255039095408,1.296326530612245,False,False,B
468,44,Female,192,1.0675717296364136,1.030384657459974,1.12,False,False,B
469,17,Female,193,0.8364815676833727,0.9239507702553491,1.0,False,False,A
470,61,Female,193,0.9195705234495118,0.9571387929491739,1.5883673469387753,False,False,A
471,79,Male,194,0.9123994292623959,0.9653443873162189,2.47,False,False,A
472,61,Male,194,1.0844500775492691,0.9741902084773241,1.5883673469387753,False,False,A
473,71,Male,194,1.0117880432110864,0.9385283459159454,2.029183673469388,False,False,A
474,27,Male,194,1.0816368745191,1.0381639925691413,1.0,False,False,A
475,78,Female,195,1.0259009657925469,1.0068716069356751,2.4106122448979592,True,True,B
476,38,Female,195,1.0221844685756838,1.036507870390894,1.0391836734693878,True,True,B
477,27,Male,196,0.9410581226981132,0.9564672770029239,1.0,False,False,B
478,32,Female,196,0.9915769822124303,1.080173223381445,1.0024489795918368,False,False,B
479,72,Male,196,1.0710196520953372,0.9986160288215058,2.08,True,True,B
480,56,Female,196,1.0264186897976826,1.0008415072640402,1.4138775510204082,False,False,B
481,66,Female,197,0.9664937363121002,1.013493449753201,1.7934693877551022,False,False,A
482,30,Female,197,1.054135132060059,1.1617315758352502,1.0,True,False,A
483,69,Male,198,1.0916851262952767,0.9433859372329322,1.9312244897959183,True,False,B
484,65,Male,198,0.858122618945165,1.0443555335241963,1.75,True,True,B
485,70,Male,199,1.1626779335598039,0.9490194809936969,1.979591836734694,False,False,B
486,30,Female,199,1.0130194022474566,1.0604978588932394,1.0,False,False,B
487,53,Female,199,1.089689883531451,1.117898196285028,1.3238775510204082,False,False,B
488,17,Male,200,0.951397548504417,1.003031653485136,1.0,True,False,B
489,46,Male,201,0.964253010518405,0.9431640950938985,1.1567346938775511,False,False,B
490,31,Male,201,1.1631890309045747,1.1093931711372835,1.000612244897959,False,False,B
491,22,Female,202,1.0201433855743474,1.0731203500746256,1.0,False,False,B
492,98,Male,202,0.9727456060654401,1.1254547342140526,3.8310204081632655,True,True,B
493,19,Female,203,0.8975431553344795,1.02138365459772,1.0,False,False,B
494,36,Female,203,0.9535235360361634,0.8945385353500167,1.0220408163265307,False,False,B
495,33,Female,203,1.0249330450996657,1.0813491980188596,1.0055102040816326,False,False,B
496,47,Female,203,0.9610407991233162,0.8903480859914151,1.176938775510204,False,False,B
497,19,Male,204,0.9704107655881502,1.0443942769725927,1.0,False,False,A
498,49,Female,204,0.9964958222445486,1.0029906802312034,1.2210204081632654,False,False,A
499,62,Female,205,1.0177027571952424,1.0195836344631992,1.626938775510204,False,False,B
500,34,Female,205,1.0019200834523045,0.9772905435477832,1.009795918367347,True,True,B
501,23,Female,206,0.95224792069275,1.0345831867236244,1.0,False,False,A
502,67,Female,207,0.9090430520849315,1.1227185469712733,1.8381632653061226,False,False,A
503,24,Male,207,0.9313232286848898,0.9283904717018502,1.0,True,False,A
504,41,Male,207,0.9516981269373962,0.912518814764193,1.0740816326530613,True,False,A
505,35,Male,208,0.9014001292374474,0.9558525949953595,1.0153061224489797,False,False,A
506,26,Female,208,1.1432041042549428,0.9293688114156832,1.0,False,False,A
507,32,Female,209,0.9674388161909421,0.9674821376769075,1.0024489795918368,False,False,B
508,18,Female,210,0.8600197542483219,0.9324892088804854,1.0,False,False,B
509,24,Male,210,1.1039928473734144,1.0342028260105496,1.0,False,False,B
510,29,Male,211,0.9753682107035867,0.979304575046098,1.0,False,False,B
511,11,Male,211,0.9556723327907908,0.9358639157676323,1.0,False,False,B
512,20,Male,211,0.9408497092510049,1.025540634274928,1.0,True,False,B
513,25,Male,212,1.1068078706310978,1.0385821515974305,1.0,False,False,A
514,6,Female,212,1.1038555148501124,1.0289965150646256,1.0,False,False,A
515,27,Female,213,0.9556578526831478,1.0923819231353715,1.0,False,False,B
516,30,Male,213,1.040187532449699,1.1376927121258154,1.0,False,False,B
517,16,Male,214,0.9658396097914721,1.0524858433436795,1.0,True,False,A
518,27,Male,214,1.0024707048063881,1.1243217086080899,1.0,False,False,A
519,19,Female,214,0.9844267895243113,1.1204278246525532,1.0,False,False,A
520,67,Female,214,0.9858297078781286,1.16240908745042,1.8381632653061226,True,False,A
521,27,Male,215,1.0901930417653576,1.1055999761780393,1.0,False,False,B
522,22,Female,215,1.0593530251962695,1.010111468724388,1.0,False,False,B
523,49,Female,215,0.8728996014244128,1.1168183718274614,1.2210204081632654,True,True,B
524,26,Male,216,1.1046698597212004,0.9662032213291213,1.0,True,False,A
525,37,Male,217,1.0420319526773598,1.0589159211925505,1.03,False,False,B
526,33,Male,217,0.9449260240587052,0.9084450506668089,1.0055102040816326,False,False,B
527,30,Female,217,0.8199054019506212,1.0470760428664931,1.0,False,False,B
528,93,Female,218,0.9494999560415103,1.0239864415390811,3.4299999999999997,True,True,A
529,21,Male,218,0.995006794274149,0.9856730755689612,1.0,False,False,A
530,66,Female,219,1.1269504841707576,1.0900481531531578,1.7934693877551022,False,False,B
531,28,Male,219,0.9622174664681772,0.9529586846580123,1.0,True,False,B
532,34,Male,219,0.9805390167844057,1.02833597547112,1.009795918367347,True,False,B
533,62,Female,219,0.9875615605528111,1.0786629421250264,1.626938775510204,True,False,B
534,82,Male,220,0.9107344422614819,1.0027730226418863,2.655510204081633,False,False,A
535,12,Female,220,1.0156169120968384,1.0187139892523882,1.0,False,False,A
536,43,Male,220,0.960597211114945,0.9397314855607809,1.103469387755102,False,False,A
537,23,Female,221,1.1518685437897238,0.8550156345167572,1.0,False,False,A
538,41,Male,221,1.0287584380390535,1.076158895575568,1.0740816326530613,False,False,A
539,34,Male,221,0.9859906429824112,0.9379032757572855,1.009795918367347,False,False,A
540,39,Male,222,1.0172705892051859,1.0100723757054475,1.049591836734694,True,False,A
541,54,Male,222,1.055820271862301,0.9013428049644805,1.3526530612244898,False,False,A
542,30,Male,222,0.9868645272024178,0.8547288085559752,1.0,False,False,A
543,78,Male,222,0.9359081179041289,0.8685212747891063,2.4106122448979592,False,False,A
544,60,Female,223,0.9928189002329773,0.8703655960137583,1.5510204081632653,True,True,B
545,49,Male,223,1.0832692951138685,1.1138502957229408,1.2210204081632654,False,False,B
546,4,Female,223,1.0309472436676475,1.1094673204094172,1.0,False,False,B
547,69,Male,224,0.9828621594478165,1.0819005627198393,1.9312244897959183,True,False,A
548,58,Male,224,1.0235240070027978,0.9211938634929494,1.48,False,False,A
549,10,Male,224,1.1396213636537558,0.9966366125542253,1.0,False,False,A
550,17,Female,224,1.0126949698438166,1.1387391952023407,1.0,False,False,A
551,50,Female,225,1.082017879896944,1.0635946483281677,1.2448979591836735,False,False,A
552,83,Female,225,0.8368063550752419,0.8272717469398227,2.719795918367347,True,True,A
553,9,Male,226,0.9219140006546781,1.03152863892102,1.0,False,False,B
554,18,Female,226,0.8621984148211445,0.9630297036904198,1.0,False,False,B
555,24,Male,227,0.9071341781226092,0.9186952969131083,1.0,False,False,A
556,77,Female,227,0.9231496850292775,1.0169626934568838,2.352448979591837,True,True,A
557,56,Male,227,1.0178032355268776,0.8763810341345697,1.4138775510204082,False,False,A
558,16,Male,228,0.9877887058925114,1.0334796323509998,1.0,False,False,A
559,52,Female,229,0.9692181485123432,1.0934089830021625,1.296326530612245,False,False,A
560,27,Female,229,1.1127053738793566,0.9402645180149269,1.0,False,False,A
561,67,Female,230,1.0823276032714673,0.8269855518376563,1.8381632653061226,False,False,A
562,52,Female,230,1.0339028301416373,0.9923457081422895,1.296326530612245,False,False,A
563,81,Female,231,1.00290801384007,0.8752400671791324,2.592448979591837,True,True,B
564,19,Female,231,1.143208847420127,0.8867022775817461,1.0,True,True,B
565,63,Female,231,0.8582301571805705,1.0032648236386508,1.666734693877551,True,False,B
566,68,Male,232,0.9967962938710633,0.9016004858709755,1.8840816326530612,True,False,A
567,48,Male,233,0.9683136209871076,0.9515289544871309,1.1983673469387757,False,False,B
568,3,Male,233,0.9536858557788457,0.9758395541716955,1.0,False,False,B
569,27,Male,233,0.9633633072541502,1.0108661951306552,1.0,True,True,B
570,61,Male,233,1.11059189860149,1.03473151111025,1.5883673469387753,False,False,B
571,30,Male,234,0.930764477593397,1.0287738417046361,1.0,False,False,B
572,67,Female,235,1.0918358123698495,0.8924699717242882,1.8381632653061226,False,False,B
573,37,Male,235,0.9453170623957317,0.946542162532618,1.03,False,False,B
574,22,Male,235,1.0867936544279926,1.0886720189044903,1.0,True,False,B
575,6,Female,236,1.0474428081270721,0.9056723460128492,1.0,False,False,A
576,52,Male,236,1.0167996450705001,0.9796036235144427,1.296326530612245,False,False,A
577,52,Female,237,1.1147067254455503,1.0297124469757928,1.296326530612245,False,False,A
578,57,Female,238,1.0758805095913633,0.985115278623047,1.446326530612245,False,False,A
579,28,Male,239,1.0972331904013666,0.8559088041474607,1.0,False,False,B
580,36,Male,240,0.9639277626426901,0.9776251521535113,1.0220408163265307,True,True,A
581,36,Female,240,1.1146869356088644,0.9229226646309636,1.0220408163265307,True,False,A
582,17,Female,240,0.9687665197747166,1.0581980004361495,1.0,True,False,A
583,82,Male,241,0.9543586906140136,1.0744280270874629,2.655510204081633,True,True,A
584,45,Male,241,1.0781824079013225,0.8976134648487958,1.1377551020408163,True,False,A
585,43,Female,242,0.9009741506779491,1.1516989433148639,1.103469387755102,False,False,B
586,31,Male,242,0.9577176468062275,1.1489846851360273,1.000612244897959,False,False,B
587,19,Male,242,1.0792270556044028,1.1070031460265577,1.0,False,False,B
588,55,Female,242,0.9518945059749488,1.0054817492196932,1.3826530612244898,False,False,B
589,26,Female,242,0.9658549979325527,0.9252696484812898,1.0,False,False,B
590,30,Male,243,0.8876444234706736,1.0376638571632615,1.0,False,False,A
591,20,Male,243,0.8462994313475587,0.9744983258573727,1.0,False,False,A
592,19,Female,244,1.0491297718474033,0.9348876501671015,1.0,True,False,B
593,10,Female,244,1.0024909901186645,1.029333424540074,1.0,False,False,B
594,75,Male,244,0.9960235974911431,1.0356505017215158,2.239795918367347,True,True,B
595,31,Female,245,0.8260343584535533,1.0724741633205666,1.000612244897959,True,False,A
596,60,Male,245,1.0355925782740298,1.0215464056286006,1.5510204081632653,False,False,A
597,55,Female,245,1.137472016958456,0.8944693755767539,1.3826530612244898,False,False,A
598,46,Female,246,0.9850068252015935,1.0263354228571169,1.1567346938775511,False,False,A
599,47,Male,246,0.931460249341959,0.9842162407267301,1.176938775510204,False,False,A
600,37,Male,247,0.9788009508513802,0.9930105627789476,1.03,True,False,B
601,63,Female,248,0.9958399828381846,1.1146663976546927,1.666734693877551,True,True,B
602,27,Female,248,0.921003263122855,0.969530090054646,1.0,False,False,B
603,59,Male,249,1.010882566089378,1.0139400286739537,1.5148979591836733,True,True,A
604,41,Female,249,1.0659820368354493,1.0871010274123225,1.0740816326530613,True,True,A
605,37,Male,249,1.0043773117074033,1.074030083661885,1.03,False,False,A
606,92,Female,250,1.0994105377605667,0.9172054159721296,3.3534693877551023,True,True,B
607,21,Female,250,1.0708029684187554,0.9295210453273327,1.0,False,False,B
608,48,Female,251,1.1362838212928716,0.8517945707224781,1.1983673469387757,False,False,B
609,23,Female,251,1.1259148895751363,1.077330169282559,1.0,False,False,B
610,52,Female,251,1.0092561200551564,0.8879039833216564,1.296326530612245,True,False,B
611,41,Female,252,0.9598196968446233,0.933865571462326,1.0740816326530613,False,False,A
612,48,Female,253,0.9007479326928448,1.0482417906573946,1.1983673469387757,True,False,A
613,69,Female,253,0.9625117246059045,0.9630111457357869,1.9312244897959183,False,False,A
614,13,Female,254,0.9917455772878659,0.8925382356694919,1.0,False,False,A
615,11,Male,255,0.958756359804312,0.9473243664455367,1.0,True,False,A
616,51,Male,255,1.0740877883462427,0.9940111505011561,1.27,False,False,A
617,34,Female,255,1.165302924749065,1.0522682577090623,1.009795918367347,False,False,A
618,29,Male,256,0.953022935589122,0.9661448080837959,1.0,True,False,A
619,15,Male,256,0.9345238233765939,1.1270538070376868,1.0,True,False,A
620,22,Male,257,1.0442366326904298,0.8720421212449437,1.0,False,False,A
621,31,Male,257,0.9264980949289962,0.980501832064365,1.000612244897959,False,False,A
622,15,Male,258,1.1319687885672836,0.9614020298487502,1.0,False,False,B
623,29,Female,258,1.0178247052252816,1.144299843475566,1.0,False,False,B
624,33,Female,259,1.0036904112909886,0.9757027589366705,1.0055102040816326,False,False,B
625,65,Male,259,1.09255735309535,1.1176668926110198,1.75,True,True,B
626,42,Female,259,1.063261447948466,0.8930806784776256,1.0881632653061224,True,True,B
627,45,Male,260,0.9197509005052216,0.9141105248869086,1.1377551020408163,False,False,B
628,8,Male,260,0.9538371324905855,0.9878888587645756,1.0,False,False,B
629,12,Female,261,0.8244590178463235,0.9734954674494156,1.0,False,False,B
630,38,Female,261,0.9623903443882775,1.139994688665345,1.0391836734693878,True,True,B
631,62,Male,261,0.9481056813047084,0.8605294096992263,1.626938775510204,True,True,B
632,46,Male,261,0.924386114722531,0.9305459108865163,1.1567346938775511,False,False,B
633,49,Male,262,0.9570140170072209,0.997691320336249,1.2210204081632654,False,False,A
634,60,Male,262,1.038889188540046,0.8796520912968091,1.5510204081632653,False,False,A
635,26,Male,262,1.040429350910435,1.0470290876011024,1.0,True,False,A
636,19,Male,262,0.8375876174408264,1.0771048041953613,1.0,False,False,A
637,40,Male,262,0.9109192456289557,1.0583836361128693,1.0612244897959184,True,False,A
638,69,Female,263,0.8738312164309509,0.8343580243098633,1.9312244897959183,False,False,A
639,24,Male,263,0.8339884415839405,0.9373792697913272,1.0,True,False,A
640,17,Female,263,0.9460462721372129,1.008083160913059,1.0,True,False,A
641,53,Male,264,0.8390211756527466,1.101939884053069,1.3238775510204082,False,False,A
642,38,Female,264,0.8791257761873013,1.0894966288436458,1.0391836734693878,False,False,A
643,36,Female,265,0.9317457128947998,0.8968708318045429,1.0220408163265307,False,False,A
644,38,Male,265,1.0828439309770783,0.9418149050094565,1.0391836734693878,False,False,A
645,38,Female,265,1.1136771765970073,1.0795470379995078,1.0391836734693878,False,False,A
646,53,Female,265,0.9409261488883449,1.0571273930567908,1.3238775510204082,False,False,A
647,72,Female,266,0.8899214204193137,1.018592885264781,2.08,False,False,A
648,42,Male,267,0.9979194711122876,1.0956668616155574,1.0881632653061224,False,False,B
649,39,Male,267,0.9713250032143151,1.0118966562266483,1.049591836734694,True,True,B
650,36,Female,267,1.0218518648590735,0.978396804083331,1.0220408163265307,False,False,B
651,12,Female,267,1.1186551468932233,0.9919056025136185,1.0,False,False,B
652,15,Male,268,1.05976045291873,0.9815079514327625,1.0,False,False,B
653,77,Male,268,1.0249481654333474,0.8305870651038121,2.352448979591837,True,False,B
654,13,Female,268,1.0524939903287498,0.9763480671750673,1.0,True,False,B
655,45,Male,269,0.9646431018777342,1.0611370697626759,1.1377551020408163,True,False,A
656,48,Female,269,1.1278187943860734,1.0235724210751183,1.1983673469387757,True,False,A
657,5,Male,270,1.0976444076612928,1.0875219543980699,1.0,True,True,A
658,8,Male,270,1.0404439374627683,0.9851050053595745,1.0,True,False,A
659,12,Female,271,1.0473134263874844,0.9863230685848164,1.0,False,False,B
660,82,Male,271,0.9912416958695489,1.0944372727704406,2.655510204081633,False,False,B
661,39,Female,272,1.1169500135729065,0.9196100368704019,1.049591836734694,False,False,B
662,43,Female,272,1.0092766678557483,0.8331299083916265,1.103469387755102,True,True,B
663,29,Male,273,1.0016920242058085,0.9477793778295829,1.0,False,False,A
664,43,Female,273,1.02313422963606,1.136953224368297,1.103469387755102,True,True,A
665,24,Male,274,0.8729787596067056,1.0306029413474582,1.0,False,False,B
666,58,Male,274,1.0727408444610167,0.9894855536801008,1.48,False,False,B
667,42,Female,274,0.999091657169563,0.9387678963326689,1.0881632653061224,True,False,B
668,50,Male,274,1.0012869383550262,0.8396694274272303,1.2448979591836735,False,False,B
669,66,Female,275,1.051643248491807,0.9718590125038096,1.7934693877551022,False,False,B
670,20,Female,275,1.1775309226927735,1.022425829146921,1.0,False,False,B
671,46,Female,276,0.9262305423864431,0.9945174248201019,1.1567346938775511,False,False,A
672,35,Male,277,1.1028348610695504,0.8601906490912877,1.0153061224489797,False,False,A
673,31,Female,277,0.9574262176283973,1.1245943431282888,1.000612244897959,False,False,A
674,86,Male,277,0.9189463776197532,1.0368252973892125,2.92,False,False,A
675,21,Female,278,1.0868892533437406,1.0506873764891624,1.0,False,False,B
676,50,Female,278,1.0275102843094976,0.9950695625366537,1.2448979591836735,True,True,B
677,58,Male,278,0.9778450582468119,0.9264704178700224,1.48,False,False,B
678,18,Male,278,0.9048253311389106,1.0194349530115703,1.0,True,False,B
679,39,Male,279,1.0299591640588743,0.9385532165867417,1.049591836734694,False,False,A
680,50,Male,280,1.167564024229406,1.0192180607324568,1.2448979591836735,False,False,A
681,31,Female,280,1.0258444647007527,0.8813500815164184,1.000612244897959,False,False,A
682,79,Female,281,1.1571071252781118,1.0178482972395293,2.47,True,True,A
683,80,Female,282,0.9762159927448728,1.042335568161478,2.5306122448979593,True,True,A
684,37,Female,282,1.0356266229793132,0.9909883222899291,1.03,False,False,A
685,36,Female,283,0.9167575652354308,0.9652178604246735,1.0220408163265307,False,False,A
686,46,Female,283,0.9662229942300057,1.0667187075400653,1.1567346938775511,False,False,A
687,23,Male,284,0.8731159183918291,1.1520574923720868,1.0,False,False,A
688,46,Female,284,0.8319713902595332,1.0882200491749217,1.1567346938775511,True,True,A
689,88,Female,285,0.8661046999529509,1.0247153021845987,3.059591836734694,True,True,A
690,34,Female,285,0.9740693609191002,1.0790802311452292,1.009795918367347,True,False,A
691,23,Male,285,0.8587463713750338,1.1376325341518219,1.0,True,False,A
692,28,Female,285,1.0578261037287473,1.1100874463018977,1.0,False,False,A
693,46,Male,286,1.0215241321871475,1.0372837419887428,1.1567346938775511,False,False,A
694,14,Female,286,0.8823876690770815,1.0641953343472124,1.0,False,False,A
695,20,Female,287,0.9721885169552681,1.0894695213387742,1.0,False,False,B
696,19,Female,287,0.9861865356470381,0.9705337666967978,1.0,False,False,B
697,23,Male,288,0.8933045385729707,0.9752383585285749,1.0,False,False,A
698,81,Female,288,1.094152209056387,1.0573749210432903,2.592448979591837,False,False,A
699,25,Male,289,1.1071995662042076,0.930545085819731,1.0,False,False,B
700,5,Female,290,1.0364974909345577,1.0308671098919604,1.0,False,False,B
701,35,Male,291,1.041280857620227,1.0723290979767728,1.0153061224489797,False,False,A
702,52,Male,291,0.9810018957261633,1.1405086108012197,1.296326530612245,False,False,A
703,31,Male,292,0.8391444703922301,1.0973233816858778,1.000612244897959,False,False,B
704,77,Female,292,1.1732856163197196,1.1099933209363655,2.352448979591837,True,True,B
705,31,Male,292,1.0397932565394556,0.9443013952136247,1.000612244897959,False,False,B
706,81,Male,293,0.973656814852618,1.0002048946012583,2.592448979591837,True,True,A
707,26,Female,293,0.9335442993426543,1.0683824621019364,1.0,True,True,A
708,39,Female,294,1.0549863323894768,0.9595420914023113,1.049591836734694,False,False,A
709,30,Male,294,1.122550312592042,0.9763274855496382,1.0,False,False,A
710,45,Male,294,0.9877685665195924,1.0067682499453585,1.1377551020408163,False,False,A
711,57,Female,295,1.0686608970774625,0.9980710512213855,1.446326530612245,False,False,B
712,30,Female,295,0.9076838283636062,1.0194264924440253,1.0,False,False,B
713,66,Male,296,0.9886057804075656,1.070849806210099,1.7934693877551022,False,False,A
714,86,Male,296,1.1619387715030234,1.1044303395461281,2.92,True,True,A
715,31,Female,297,0.9991367754032698,1.0909682781727543,1.000612244897959,False,False,A
716,33,Female,297,1.0120375088411753,0.9285250215132395,1.0055102040816326,False,False,A
717,57,Male,298,0.9045713143429959,0.9042390049097015,1.446326530612245,False,False,A
718,6,Female,298,0.9225692917746521,1.036674753602198,1.0,False,False,A
719,62,Male,299,1.0953149625474898,0.9619348119777356,1.626938775510204,True,False,A
720,30,Male,299,1.0580655922625828,0.9270674900747472,1.0,False,False,A
721,8,Female,300,1.0270109156511105,0.9904634496196489,1.0,False,False,B
722,38,Female,300,1.0248595319245417,0.9687123350800309,1.0391836734693878,False,False,B
723,35,Male,301,0.9993206730431781,0.8387360660642935,1.0153061224489797,True,False,A
724,30,Female,301,0.9303249921281566,0.8636425903414234,1.0,False,False,A
725,85,Male,302,1.052464993970857,1.175238496249854,2.8520408163265305,True,True,B
726,35,Female,303,0.8595299795241751,0.9551706587229909,1.0153061224489797,True,False,B
727,27,Male,303,1.0272482306584627,1.0917747256426165,1.0,True,True,B
728,27,Female,303,0.8671889878517315,0.9561579484293796,1.0,False,False,B
729,3,Female,303,1.0849534093618574,1.064580950904221,1.0,False,False,B
730,33,Female,304,1.0681580487863944,1.1549575395145382,1.0055102040816326,False,False,B
731,89,Male,305,1.0642481331604992,1.0204467730662081,3.131224489795918,True,True,A
732,63,Male,305,0.9264264800241429,1.0838133520037525,1.666734693877551,True,False,A
733,52,Male,305,0.8385546100885788,0.8410609886637092,1.296326530612245,False,False,A
734,21,Male,305,0.9787930581136353,0.9708784143816414,1.0,False,False,A
735,38,Female,306,1.0914901288054868,0.8962805783042411,1.0391836734693878,False,False,B
736,75,Male,306,0.8568738605305553,1.01230435837064,2.239795918367347,False,False,B
737,2,Male,307,0.8523122529468086,1.0139442996486843,1.0,False,False,A
738,63,Male,308,1.1202651106205488,0.9240021067713232,1.666734693877551,True,True,A
739,15,Male,308,0.9912572309803952,0.9241095320187376,1.0,False,False,A
740,61,Male,308,1.0043333965695547,1.1882073213432929,1.5883673469387753,True,False,A
741,21,Female,309,1.0048705379308798,1.1828834035012008,1.0,False,False,A
742,7,Female,309,0.950750223721421,1.0969233140527601,1.0,False,False,A
743,28,Female,310,0.923111471771562,1.0673728356792647,1.0,False,False,A
744,14,Male,310,0.8551803657547096,1.0314528138455692,1.0,False,False,A
745,29,Female,310,1.0166186290283719,1.110746092631748,1.0,False,False,A
746,11,Male,311,1.0139437626705163,0.9275384069549054,1.0,False,False,A
747,24,Female,311,1.0946258725815499,0.9684994764248813,1.0,True,False,A
748,15,Female,311,1.0039459365073615,0.9443029712862367,1.0,False,False,A
749,51,Male,311,1.0019864906426639,1.0126261469152478,1.27,False,False,A
750,72,Female,312,0.8903033202479991,0.9953547658854908,2.08,True,True,B
751,4,Female,312,0.896323359318829,0.9722170961183213,1.0,False,False,B
752,47,Male,312,1.1065517193174201,1.1585554299616225,1.176938775510204,True,True,B
753,12,Male,313,0.9640039928903448,1.0098069933827216,1.0,False,False,B
754,17,Male,313,1.0091843491334798,0.9614010470868726,1.0,False,False,B
755,31,Male,314,0.9706209947024703,1.0076807763106794,1.000612244897959,True,False,A
756,26,Female,314,1.000812541935988,1.1444175820751246,1.0,False,False,A
757,22,Male,314,0.911229916818123,1.0780632679988733,1.0,True,False,A
758,34,Male,315,1.0714908483901928,0.9815146458975866,1.009795918367347,False,False,B
759,63,Male,315,1.0947174409057672,0.9912964219492004,1.666734693877551,True,True,B
760,86,Male,316,0.911542578310063,1.0410929923552392,2.92,False,False,B
761,23,Female,316,1.031402907099441,0.9980886501193941,1.0,False,False,B
762,34,Male,316,1.0048789120017438,1.0193815528491943,1.009795918367347,False,False,B
763,47,Male,317,0.9956717695847357,1.0446034293035975,1.176938775510204,False,False,B
764,35,Female,317,0.9159338705235436,1.0175484894306515,1.0153061224489797,False,False,B
765,42,Male,318,0.8690225227645361,1.0053154911467734,1.0881632653061224,False,False,A
766,73,Male,318,0.9336485850663074,1.0840928190281807,2.1320408163265308,True,True,A
767,80,Male,319,1.1262284414819752,1.0139453529519953,2.5306122448979593,False,False,A
768,69,Male,319,1.0018835008931095,1.040434514545895,1.9312244897959183,False,False,A
769,10,Male,320,1.1518492957417472,1.0485621615068015,1.0,False,False,A
770,7,Female,321,1.1186219140186442,1.0005891863295826,1.0,False,False,A
771,76,Male,321,0.9020705576637152,1.0246258480974333,2.2955102040816326,True,True,A
772,47,Female,321,0.9777755270140954,1.0396346385570805,1.176938775510204,True,False,A
773,75,Male,321,1.0392550065774027,1.0172062644565947,2.239795918367347,False,False,A
774,30,Female,322,1.1332262273369407,1.0147395902093939,1.0,False,False,A
775,34,Male,322,0.8936169080723324,1.032650821380619,1.009795918367347,False,False,A
776,53,Male,322,0.8767894390785773,0.9612330917714871,1.3238775510204082,True,False,A
777,66,Male,322,0.9707116252019117,1.0697928450387297,1.7934693877551022,True,False,A
778,46,Female,323,0.9582051268606567,0.9431385367744245,1.1567346938775511,False,False,A
779,23,Male,323,1.0777918528071744,0.862223121913228,1.0,False,False,A
780,8,Male,323,1.0040457662295537,1.0202111009547894,1.0,False,False,A
781,46,Female,323,0.9675812751102206,0.8471909620917091,1.1567346938775511,True,False,A
782,77,Female,323,1.041034446817399,0.8809366841947278,2.352448979591837,False,False,A
783,20,Male,324,1.1331740035827316,0.9410751609255923,1.0,True,False,A
784,25,Male,324,0.9275071928754441,1.0109064017998417,1.0,False,False,A
785,36,Female,325,0.969759076031824,1.1398155094851046,1.0220408163265307,False,False,B
786,86,Male,325,0.9511929355132741,1.0858250138669743,2.92,True,True,B
787,50,Female,325,1.0203103879966926,0.9583601039980489,1.2448979591836735,False,False,B
788,33,Male,326,1.0070112346990474,1.00660652354483,1.0055102040816326,True,True,B
789,66,Female,327,1.021744206816268,1.0453612505106469,1.7934693877551022,True,True,A
790,59,Female,327,0.8672732679046792,1.0068909687620766,1.5148979591836733,False,False,A
791,23,Male,328,1.0399611864574927,1.0944339864266592,1.0,False,False,A
792,29,Female,328,0.9520641582544563,1.0710685423466868,1.0,True,False,A
793,58,Female,328,1.0931217460874143,0.8720257696911563,1.48,False,False,A
794,63,Female,329,1.0999985178600815,0.9765418112350122,1.666734693877551,False,False,A
795,61,Male,329,0.9295655375758674,1.0762042712397188,1.5883673469387753,True,True,A
796,8,Male,329,0.9903642173374594,0.9820003071369988,1.0,False,False,A
797,50,Male,330,0.9153306289661733,0.917873748775668,1.2448979591836735,True,True,B
798,15,Female,330,0.9960127863220164,1.0908389684784234,1.0,False,False,B
799,76,Female,330,1.0076929040684957,0.909565979508636,2.2955102040816326,False,False,B
800,87,Female,330,0.8839282264739119,1.1120687001007787,2.9891836734693875,True,True,B
801,52,Female,331,1.009693992323674,0.8626360979143394,1.296326530612245,True,True,B
802,23,Male,331,0.9963656833060747,1.0574003713919908,1.0,False,False,B
803,88,Male,332,0.9685389415946541,1.0113866798132807,3.059591836734694,False,False,A
804,18,Female,332,0.9874746998314365,0.9792633137988809,1.0,False,False,A
805,67,Female,332,0.9624898025155468,0.9270553088009137,1.8381632653061226,False,False,A
806,70,Male,332,0.9200151273228375,0.9540627579175404,1.979591836734694,True,True,A
807,62,Female,333,1.089137033547315,1.0246416014717232,1.626938775510204,True,True,A
808,82,Female,333,1.0564639637176934,0.8439422209942959,2.655510204081633,False,False,A
809,24,Male,333,0.9697323067838345,0.9924989166767786,1.0,False,False,A
810,22,Male,334,0.9850868037197141,1.0061732707469457,1.0,True,True,A
811,61,Male,334,1.0012567471305758,0.9573563489550819,1.5883673469387753,False,False,A
812,23,Female,334,0.9932189123813442,0.8613484650605311,1.0,False,False,A
813,16,Female,334,1.1272934831351404,0.9041394966232175,1.0,False,False,A
814,17,Male,335,1.1257895007128518,1.0717333629967927,1.0,False,False,B
815,34,Female,335,1.0031414377423067,0.9886109734109879,1.009795918367347,False,False,B
816,16,Female,335,0.8954106953566625,0.9112528437968009,1.0,True,False,B
817,33,Female,336,1.0796536148921314,0.9898924101227732,1.0055102040816326,False,False,B
818,48,Male,336,1.0726441561848996,0.9924400595265422,1.1983673469387757,False,False,B
819,58,Female,337,0.8845732755083217,0.8860895199443646,1.48,False,False,A
820,31,Male,337,1.027404777532553,0.8782442539950539,1.000612244897959,False,False,A
821,42,Male,337,0.9727669239827387,1.0424129306287298,1.0881632653061224,False,False,A
822,54,Male,337,0.8522532057173433,1.0166765615148166,1.3526530612244898,False,False,A
823,24,Female,338,1.041666122089681,1.04671109877942,1.0,True,False,B
824,45,Male,338,1.0604280002011333,0.9399915213729509,1.1377551020408163,False,False,B
825,31,Male,339,0.8171001511962542,0.9143770667053748,1.000612244897959,False,False,A
826,61,Female,340,0.9863728865645403,0.949332577053632,1.5883673469387753,True,True,B
827,27,Female,340,1.0170538597984766,0.9436506297552897,1.0,False,False,B
828,41,Male,341,0.935770759457754,1.0461044714149472,1.0740816326530613,True,False,A
829,40,Female,341,0.9593498861789063,1.0472223026910363,1.0612244897959184,False,False,A
830,56,Male,342,1.1213412806757639,1.0206927530425998,1.4138775510204082,True,False,A
831,16,Male,342,0.9338631950475775,1.0336933179254513,1.0,True,False,A
832,23,Female,343,0.9089474491726549,0.9614436108848786,1.0,False,False,A
833,36,Male,343,0.9334078615089207,0.9903507634883573,1.0220408163265307,False,False,A
834,38,Male,344,0.9105631585323309,1.0645879794792688,1.0391836734693878,True,False,A
835,33,Male,344,0.9402471106724248,0.9771388815940828,1.0055102040816326,False,False,A
836,47,Female,344,1.0830616403056097,0.9325391029382625,1.176938775510204,False,False,A
837,63,Female,345,1.0183556172712676,0.979270037513618,1.666734693877551,False,False,B
838,49,Female,345,1.045728409445809,0.9542445222552942,1.2210204081632654,True,True,B
839,82,Female,346,0.9146884514205322,0.9314886118862273,2.655510204081633,True,True,B
840,55,Female,346,1.0806289744320523,1.1585532799332556,1.3826530612244898,True,False,B
841,12,Male,347,1.0349991341899938,1.0776438361961778,1.0,False,False,B
842,42,Male,347,0.9516879825439097,0.9986474850584642,1.0881632653061224,False,False,B
843,29,Female,348,1.0308022897644091,1.0057346102151759,1.0,False,False,A
844,55,Female,348,0.9310766068675491,1.0381275491859996,1.3826530612244898,False,False,A
845,34,Female,348,0.9434216009589065,1.0661852885660716,1.009795918367347,True,True,A
846,68,Male,348,1.1075732205201285,1.0055054704919706,1.8840816326530612,True,True,A
847,48,Female,349,0.9181192270828719,0.9208357348159604,1.1983673469387757,False,False,A
848,31,Female,349,0.9382294752537718,0.9977956214113715,1.000612244897959,False,False,A
849,82,Female,350,1.0856624349245014,0.9585133878967317,2.655510204081633,False,False,A
850,27,Male,350,0.9545143015680444,0.9318477492092341,1.0,True,True,A
851,62,Male,351,0.9227596157435803,0.9247431608629028,1.626938775510204,True,False,A
852,34,Female,351,0.9282466886723565,0.9345258990033569,1.009795918367347,True,False,A
853,31,Female,352,0.9523870275613096,0.829693019682564,1.000612244897959,False,False,A
854,23,Male,352,1.04902903010706,0.9506974979080817,1.0,True,False,A
855,32,Male,353,0.8152622822502309,0.9816501011156497,1.0024489795918368,True,False,B
856,46,Male,354,1.0307302138128729,1.080718336661863,1.1567346938775511,False,False,B
857,82,Female,354,0.9548108600218153,1.051297010325586,2.655510204081633,True,True,B
858,74,Female,354,0.9368300198406916,0.9153977712746937,2.1853061224489796,True,True,B
859,26,Female,355,1.1325384169066597,0.9823464207037582,1.0,True,False,B
860,37,Male,355,1.0622462465509697,0.9073571366353101,1.03,True,True,B
861,25,Female,356,0.8585794027796374,0.9836334797404123,1.0,False,False,A
862,69,Female,356,0.9861029955433607,0.9973328196563748,1.9312244897959183,False,False,A
863,13,Male,356,1.0569121028481063,0.9881375106778291,1.0,False,False,A
864,32,Female,356,0.9849266469572873,1.0934843266138368,1.0024489795918368,False,False,A
865,30,Male,357,1.0281643339412763,1.0048605843747607,1.0,True,True,B
866,33,Female,357,0.9637140756945171,1.0883312320526075,1.0055102040816326,True,False,B
867,63,Female,358,0.9079165057278943,1.1227927435009502,1.666734693877551,False,False,A
868,25,Male,358,0.9927210212194038,0.9542931838030988,1.0,False,False,A
869,28,Female,359,0.896803636456914,1.1380688718718501,1.0,False,False,A
870,30,Female,359,0.9984750947587929,1.131698586452742,1.0,True,False,A
871,22,Male,360,0.8650699196490016,1.1484743126145638,1.0,False,False,B
872,9,Female,360,0.9878353476172046,0.975962930311491,1.0,False,False,B
873,22,Female,360,0.9959352458922242,1.0142440390853888,1.0,False,False,B
874,20,Female,361,0.9007122940474535,1.1331701075171772,1.0,True,True,A
875,47,Male,361,1.002707319709896,1.0472184705212135,1.176938775510204,False,False,A
876,50,Male,361,1.0231424367036248,1.06219974910175,1.2448979591836735,False,False,A
877,32,Female,362,1.0481529904181517,1.1091130210158957,1.0024489795918368,False,False,B
878,38,Female,362,0.9969403108894102,1.1474249375863752,1.0391836734693878,False,False,B
879,30,Female,363,0.9692408797106136,0.9888548337926855,1.0,False,False,B
880,39,Female,363,0.9983828351813184,1.0260965243735678,1.049591836734694,False,False,B
881,30,Male,363,0.9154089736387385,0.8720081030720002,1.0,False,False,B
882,43,Female,363,0.9782460225789604,0.9684661320280342,1.103469387755102,False,False,B
883,84,Female,364,0.9363721205286426,0.8630429614889544,2.7853061224489792,False,False,B
884,73,Male,364,1.0708463764997942,0.9451949637449308,2.1320408163265308,False,False,B
885,30,Male,365,1.0096994483337003,1.1291801229822727,1.0,True,True,A
886,29,Female,366,0.9433102251214964,0.9384296379201238,1.0,False,False,B
887,44,Female,367,0.9320976177052971,0.849309336006049,1.12,False,False,B
888,31,Male,367,0.9712059155431504,1.160584185759922,1.000612244897959,False,False,B
889,45,Female,367,0.9962248752042755,1.01970691657718,1.1377551020408163,False,False,B
890,50,Male,367,0.8906153047095624,0.9561911011662685,1.2448979591836735,True,False,B
891,6,Female,368,0.951116095957159,0.9916117371003245,1.0,False,False,A
892,39,Female,369,0.9721986443691566,1.013075050561319,1.049591836734694,False,False,B
893,35,Male,369,1.114779501330919,1.0257652890625808,1.0153061224489797,False,False,B
894,60,Male,370,1.0964362610216685,0.9105744933900841,1.5510204081632653,True,False,A
895,12,Male,370,1.1009172560345903,1.097454064767652,1.0,False,False,A
896,18,Male,370,0.9651867310199086,1.095257213469479,1.0,False,False,A
897,89,Male,371,1.0995825451787489,0.9558368918057681,3.131224489795918,True,True,A
898,82,Male,371,0.9431773836410134,1.0221134100554352,2.655510204081633,False,False,A
899,56,Female,372,0.9963572987432778,1.1131478376783859,1.4138775510204082,True,False,A
900,25,Female,373,0.920106655100728,1.0208865518969987,1.0,False,False,B
901,57,Female,373,1.020155284395728,0.9635226991097917,1.446326530612245,False,False,B
902,65,Female,373,1.0260410534593458,0.8649981489121833,1.75,False,False,B
903,74,Male,374,0.967672226658642,1.0895389916798348,2.1853061224489796,False,False,A
904,50,Male,375,1.018747383708614,1.1017527141199959,1.2448979591836735,False,False,A
905,29,Female,375,1.0349384353781823,0.9673643888443082,1.0,True,True,A
906,29,Male,376,1.0477849620264,1.0524504661972813,1.0,False,False,A
907,35,Female,376,1.0550266179051664,1.0070863618164225,1.0153061224489797,True,True,A
908,11,Female,376,1.0278366687415834,0.8639131287500021,1.0,False,False,A
909,30,Male,376,0.925436145521074,0.9368125834201164,1.0,False,False,A
910,28,Male,377,0.9005725999567332,1.1384040165991565,1.0,True,True,A
911,47,Male,377,1.027576165951165,0.882978452713562,1.176938775510204,False,False,A
912,22,Female,377,0.9910298960365397,1.0886548299179062,1.0,False,False,A
913,58,Female,378,0.9926176886617455,0.9037534373621732,1.48,False,False,A
914,82,Male,378,1.1192886255406294,0.8587262923177121,2.655510204081633,True,True,A
915,35,Female,378,0.9636173504478439,1.0745496487745707,1.0153061224489797,False,False,A
916,48,Female,379,1.0788605247031087,1.199205467216139,1.1983673469387757,False,False,B
917,81,Female,379,1.0522824097889107,1.0112242582105893,2.592448979591837,False,False,B
918,38,Male,379,1.0786004852896725,1.0920842037393157,1.0391836734693878,False,False,B
919,44,Male,380,1.1782336182255155,0.9508205697734778,1.12,False,False,A
920,34,Male,380,0.8986787364759898,0.926910575061344,1.009795918367347,False,False,A
921,58,Female,381,1.1060990686001446,1.0105593679206213,1.48,False,False,A
922,5,Male,381,1.0907766044992158,1.008392092424359,1.0,False,False,A
923,54,Female,382,0.9194819129823911,1.0867585032123759,1.3526530612244898,False,False,A
924,40,Male,382,1.1622826659615622,0.9514079414556471,1.0612244897959184,False,False,A
925,26,Male,383,0.8912700531959212,1.0142002709082443,1.0,True,False,B
926,60,Female,383,1.0192542501730397,1.0745914379407424,1.5510204081632653,False,False,B
927,32,Female,384,0.9972641599311113,0.9875338063518406,1.0024489795918368,False,False,A
928,31,Female,384,1.0021712743409734,1.044803753253623,1.000612244897959,False,False,A
929,9,Male,385,1.0155408505213006,1.0420918800848256,1.0,True,True,A
930,38,Female,386,0.8188263110920702,1.1121765949377267,1.0391836734693878,False,False,B
931,42,Female,386,0.9329344870443391,1.021788395677894,1.0881632653061224,True,False,B
932,46,Female,386,1.0025351868879795,1.1245882899138067,1.1567346938775511,False,False,B
933,76,Male,387,1.0149514224999823,0.9897165022975247,2.2955102040816326,True,True,B
934,22,Female,387,1.0019457991201035,1.046080410993531,1.0,False,False,B
935,59,Female,388,1.081583560982161,1.024185900607081,1.5148979591836733,False,False,A
936,69,Male,388,0.9268621637998116,0.936742146406161,1.9312244897959183,True,True,A
937,68,Female,389,1.034183800081429,1.0847681268076843,1.8840816326530612,False,False,B
938,52,Female,389,1.1059219262375193,1.0438932960843228,1.296326530612245,True,True,B
939,22,Female,390,1.054467623276489,1.0510464482725983,1.0,False,False,A
940,13,Male,390,1.028814868549971,1.0858009122014374,1.0,False,False,A
941,35,Male,391,1.0630164274736245,0.8864664671383373,1.0153061224489797,False,False,A
942,41,Female,391,1.0310652213177924,0.8956054914817092,1.0740816326530613,False,False,A
943,70,Male,391,0.9452423704825251,0.9604996890705154,1.979591836734694,False,False,A
944,32,Male,392,0.9057719833527068,0.9710079947656791,1.0024489795918368,True,False,A
945,53,Female,392,0.9831821169602325,1.151740888524491,1.3238775510204082,True,False,A
946,14,Female,393,1.0908820263981651,0.9999889106646834,1.0,False,False,B
947,32,Female,393,1.0324354759271117,0.9281451363305392,1.0024489795918368,True,True,B
948,64,Male,393,0.9715206745848693,1.0622109066334193,1.7077551020408164,True,False,B
949,56,Male,393,1.0469596920565318,0.9906933128172739,1.4138775510204082,False,False,B
950,56,Male,394,0.9672481701453504,1.1518591363360557,1.4138775510204082,False,False,B
951,64,Female,395,1.072230935607499,0.903871902293467,1.7077551020408164,False,False,B
952,73,Male,395,1.131538178655464,0.8450788591936852,2.1320408163265308,True,True,B
953,37,Male,396,1.099305240228647,0.8653887581665121,1.03,True,False,A
954,73,Female,396,1.0807337347335333,0.952397243527325,2.1320408163265308,True,True,A
955,98,Male,396,0.932236057202318,0.8794176418130805,3.8310204081632655,True,True,A
956,8,Male,397,0.9465864905635248,0.9749631392898926,1.0,False,False,A
957,25,Female,397,1.0985824142249716,1.1066158288837875,1.0,False,False,A
958,43,Male,398,0.8995368004397267,1.0968664251566,1.103469387755102,False,False,A
959,38,Female,398,1.0328735342767499,0.9680727431085909,1.0391836734693878,False,False,A
960,82,Female,398,0.9530257367390049,1.1134240630358794,2.655510204081633,False,False,A
961,31,Female,399,0.9675670894503022,0.9883489534764798,1.000612244897959,False,False,A
962,10,Male,399,0.8825117140963419,1.0003244583089719,1.0,False,False,A
963,25,Male,399,1.0265653155050842,1.0269294093670303,1.0,True,False,A
964,90,Female,399,0.9325542914851561,0.8838750651449593,3.204081632653061,True,True,A
965,57,Male,400,1.0070607614087703,0.9636391999742369,1.446326530612245,False,False,B
966,31,Male,400,1.1618948765725692,1.050833886752842,1.000612244897959,False,False,B
967,28,Female,401,0.8837785766437939,0.9185485253446981,1.0,False,False,A
968,17,Male,401,0.9617704216603468,0.9799050072973718,1.0,False,False,A
969,33,Male,402,1.0811761755060918,0.9945943577197149,1.0055102040816326,False,False,B
970,21,Male,402,0.9919247447146249,0.9649230461711974,1.0,False,False,B
971,70,Male,402,0.841047984071668,1.0552754214256148,1.979591836734694,True,True,B
972,34,Female,402,1.108852960540425,1.0998951649056194,1.009795918367347,True,True,B
973,35,Female,403,1.0732520599330104,0.9863027596735863,1.0153061224489797,False,False,A
974,62,Male,403,1.0786563229671382,0.8925974976680434,1.626938775510204,True,True,A
975,14,Female,403,0.9530773489696793,1.1104992195318062,1.0,False,False,A
976,48,Female,403,0.9914781719660446,0.9280119281766351,1.1983673469387757,False,False,A
977,69,Male,403,0.819663578935686,1.0349257994754633,1.9312244897959183,True,True,A
978,41,Male,404,0.9370456173758566,0.9614216631508931,1.0740816326530613,False,False,B
979,53,Female,404,0.9152201042217328,1.0210124072279643,1.3238775510204082,False,False,B
980,38,Male,405,0.8955112576617434,1.0931055570591017,1.0391836734693878,False,False,B
981,30,Female,406,1.1235556137229428,1.0968202540104282,1.0,True,False,A
982,55,Male,406,1.1602388647657698,0.9526955046345063,1.3826530612244898,False,False,A
983,47,Male,406,1.0183414324590743,0.9606492756456613,1.176938775510204,False,False,A
984,63,Female,406,0.9301020052875905,1.0658480876339227,1.666734693877551,True,True,A
985,12,Female,407,1.0713324576599954,1.05447325207535,1.0,False,False,A
986,73,Female,407,0.8314126513820435,1.0420079303564833,2.1320408163265308,True,True,A
987,20,Female,407,0.9438487258751288,1.0262234195749738,1.0,False,False,A
988,38,Female,408,1.118215977923039,0.946494508549772,1.0391836734693878,False,False,B
989,7,Female,408,1.0206213491900813,0.9928839846077097,1.0,True,False,B
990,21,Female,409,0.9241798642136659,1.1362835351441898,1.0,False,False,A
991,44,Male,409,1.0467102235163737,0.9297090198943355,1.12,False,False,A
992,38,Male,409,1.0010796056688542,0.9998585215058087,1.0391836734693878,False,False,A
993,43,Female,410,0.9986974083428858,1.009426026490889,1.103469387755102,False,False,B
994,21,Female,411,1.1280280382974424,1.1055944069912576,1.0,False,False,B
995,50,Male,411,0.9963696537426339,1.0208664189598575,1.2448979591836735,False,False,B
996,34,Male,412,1.066434853407955,0.9289993351461471,1.009795918367347,False,False,B
997,61,Female,412,0.9010192244331314,1.0147263972367533,1.5883673469387753,False,False,B
998,34,Male,412,1.1430395248148275,1.0105039050300502,1.009795918367347,False,False,B
999,61,Male,412,1.0403475521975192,0.9690941540019659,1.5883673469387753,False,False,B
